person count,aph id,name,birth,death,alt name

1,EZ5,Tony John Abbott,,,Anthony John Abbott
3,N26,Eric Abetz,
# Hack to deal with one occurence of MrAdams in Hansard
4,BV5,Dick Godfrey Harry Adams,,,MrAdams
5,E4Q,Judith Anne Adams,
6,ID4,Albert Evan Adermann,
7,R36,Anthony Norman Albanese,
8,KD4,Kenneth James Aldred,
9,1M6,Lyn Fay Allison,,,Lynette Fay Allison
10,LD4,Richard Kenneth Robert Alston,
11,4K4,John Duncan Anderson,
12,KL6,Peter James Andren,
13,HE4,John Neil Andrew,
14,HK5,Kevin James Andrews,
15,,John Douglas Anthony,
16,XJ6,Larry James Anthony,,,Lawrence James Anthony
17,IE4,Brian Roper Archer,
18,,John Lindsay Armitage,
19,IT4,Rodney Alexander Atkinson,
20,JE4,Terrence Gordon Aulich,
21,JT4,Fran Esther Bailey,,,Frances Esther Bailey
22,,Marshall Baillieu,
23,MP6,Bruce George Baird,
24,DYK,Mark Horden Baker,
25,MD4,Peter Jeremy Baldwin,
26,LL6,Bob Charles Baldwin,,,Robert Charles Baldwin
27,00AUF,Guy Barnett,
28,ZJ6,Phillip Anthony Barresi,
29,DT6,Andrew John Julian Bartlett,
30,0K6,Kerry Joseph Bartlett,
31,LE4,Michael Ehrenfried Baume,
32,ME4,Peter Erne Baume,
33,NE4,Michael Eamon Beahan,
34,OE4,Julian Howard Beale,
35,PE4,Kim Christian Beazley,
36,QE4,David Peter Beddall,
37,7U4,Robert John Bell,
38,G0D,Cory Bernardi,
39,ET4,Arch Ronald Bevis,,,Archibald Ronald Bevis
40,HVM,James Mark Bidgood,
41,1K6,Bruce Fredrick Billson,
42,RE4,Gordon Neil Bilney,
43,DZP,Sharon Leah Bird,
44,H6X,Simon John Birmingham,
45,,Reginald John Birney,
46,SE4,Mrs Bronwyn Kathleen Bishop,,,the Hon. Bronwyn Kathleen Bishop,Hon. Bronwyn Kathleen Bishop
47,83P,Ms Julie Isabel Bishop,,,the Hon. Julie Isabel Bishop,Hon. Julie Isabel Bishop
48,2L6,Mark Bishop,,,Thomas Mark Bishop
49,,Reginald Bishop,
50,ND4,Lady Florence Isabel Bjelke-Petersen,
51,TE4,John Rees Black,
52,UE4,Cecil Allen Blanchard,
53,VE4,Neal Blewett,
54,WE4,Charles William Blunt,
55,XE4,Nick Bolkus,
56,,Neville Thomas Bonner,
57,YE4,Ron Leslie Doyle Boswell,,,Ronald Leslie Doyle Boswell,Ronald Leslie Boswell
58,,John William Bourchier,
59,TW4,Vicki Worrall Bourne,
60,DZS,Chris Eyles Bowen,,,Christopher Eyles Bowen
61,ZE4,Lionel Frost Bowen,
62,H6V,Sue Kay Boyce,,,Suzanne Kay Boyce
63,HVW,David John Bradbury,
64,,James Mark Bradfield,
65,FT4,John Walter Bradford,
66,0F4,Raymond Allen Braithwaite,
67,008W7,George Henry Brandis,
68,5T4,Laurence John Brereton,
69,MT4,Russell Evan Broadbent,
70,2K6,Mal Thomas Brough,,,Malcolm Thomas Brough
71,F49,Carol Louise Brown,
72,OD4,John Joseph Brown,
# TODO: Joseph Tilley Brown should be removed when possible
73,,Joseph Tilley Brown,
# This is Robert Brown the former Rep
74,,Robert James Brown,1933-12-2
# This is Bob Brown the Senator
696,QD4,Bob James Brown,1944-12-27,,Robert James Brown
718,PD4,Neil Anthony Brown,
75,RD4,David Gordon Cadell Brownhill,
76,1F4,John Mansfield Brumby,
77,,Gordon Munro Bryant,
78,009D2,Geoffrey Frederick Buckland,
79,,Melville Harold Bungey,
# Using Mr and Ms here to ensure that Ms Burke only has one match
80,83S,Ms Anna Elizabeth Burke,
81,DYW,Mr Tony Stephen Burke,,,Mr Anthony Stephen Burke,the Hon. Tony Stephen Burke,the Hon. Anthony Stephen Burke
82,2F4,Bryant Robert Burns,
83,,William George Burns,
84,3F4,Maxwell Arthur Burr,
85,HLL,David Christopher Bushby,
86,HWK,Mark Christopher Butler,
87,4F4,John Norman Button,
88,008K0,Anthony Michael Byrne,
89,SD4,Alan Glyndwr Cadman,
90,,Stephen Edward Calder,
91,5F4,Paul Henry Calvert,
92,,Clyde Robert Cameron,
93,9F4,Donald Milner Cameron,
94,6V5,Eoin Harrap Cameron,
95,AF4,Ewen Colin Cameron,
96,BF4,Ian Milne Dixon Cameron,
97,3K6,Ross Alexander Cameron,
98,NB5,George Campbell,
99,CF4,Graeme Campbell,
100,H15,Ian Gordon Campbell,
101,HWC,Jodie Louise Campbell,
102,DF4,James Joseph Carlton,
103,AW5,Kim John Carr,
104,,John Leslie Carrick,
105,,Moses Henry Cass,
106,NT4,Robert Catley,
107,,James Howard Catts,
108,4K6,Ian Raymond Causley,
109,,James Luke Cavanagh,
110,SN5,Christabel Marguerite Alain Chamarette,
111,HW9,Nick David Champion,,,Nicholas David Champion
112,EF4,Frederick Michael Chaney,
113,FF4,Grant Chapman,,,Hedley Grant Pearson Chapman
114,GF4,David Ernest Charles,
115,OT4,Robert Edwin Charles,
116,TD4,Richard Ian Charlesworth,
117,HW7,Darren Leicester Cheeseman,
118,00A9C,John Clifford Cherry,
697,HF4,Joan Child,
119,IF4,Bruce Kenneth Childs,
120,3V4,Donald Leslie Chipp,
121,JF4,Robert Leslie Chynoweth,
122,00AN0,Steven Michele Ciobo,,,Steve Michele Ciobo
123,HWL,Jason Dean Clare,
124,BO5,Philip Ronald Cleary,
125,KF4,Peter Robert Cleeland,
126,LF4,John Coates,
127,00AN1,John Kenneth Cobb,
128,MF4,Michael Roy Cobb,
129,NF4,Barry Cohen,
130,,Samuel Herbert Cohen,
131,00AOL,Richard Mansell Colbeck,
132,5V4,Ruth Nancy Coleman,
133,4V4,William Peter Coleman,
134,,Stanley James Collard,
135,GB6,Jacinta Mary Ann Collins,
136,HWM,Julie Maree Collins,
137,OF4,Robert Lindsay Collins,
138,PF4,Malcolm Arthur Colston,
139,YW6,Greg Ivan Combet,,,Gregory Ivan Combet
140,QF4,David Miles Connolly,
141,,Bryan Joseph Conquest,
142,3L6,Stephen Michael Conroy,
143,RF4,Peter Francis Salmon Cook,
144,2M6,Helen Lloyd Coonan,,,Helen Ann Lloyd Coonan
145,SF4,Bernard Cornelius Cooney,
146,,James Corbett,
147,009CW,Ann Kathleen Corcoran,
148,HDA,Mathias Hubert Paul Cormann,
149,CT4,Peter Howard Costello,
150,,John Francis Cotter,
151,TF4,John Richard Coulter,
152,HWN,Mark Maclean Coulton,
153,UF4,Brian William Courtice,
154,VF4,David Bruce Cowan,
155,83U,David Alexander Cox,
156,UW4,Arthur Winston Crane,
157,WF4,Mary Catherine Crawford,
158,DT4,Simon Findlay Crean,
159,XF4,Noel Ashley Crichton-Browne,
160,7T4,Janice Ann Crosio,
719,YF4,Manfred Douglas Cross,
161,7Y6,Trish Margaret Crossin,,,Patricia Margaret Crossin
162,ZF4,Rosemary Anne Crowley,
163,0G4,Barry Thomas Cunningham,
164,HVN,Yvette Maree D'Ath,
165,WF6,Michael David Danby,
166,KP6,Steven John Dargavel,
167,UD4,Elaine Elizabeth Darling,
168,,Gordon Sinclair Davidson,
698,5A5,John Sydney Dawkins,
169,LV5,Margaret Joan Deahm,
170,,Arthur Gordon Dean,
171,8IS,Bob John Debus,,,Robert John Debus
172,FY5,Kay Janet Denman,
173,1G4,John Robert Devereux,
174,J87,Arthur Ray Devlin,
175,,Valley Diamond,
176,,James Donald Mathieson Dobie,
177,EV5,Peter George Dodd,
178,5M6,Nicholas Manuel Dondas,
179,4G4,Alexander John Gosse Downer,
180,0L6,Trish Draper,,,Patricia Draper
181,HWG,Mark Alfred Dreyfus,
182,Y87,Peter Hertford Drummond,
183,5G4,Stephen Cairfield Dubois,
184,6G4,Michael John Duffy,1938-03-02
185,7G4,Peter Duncan,
186,3K4,Patricia Irene Dunn,
187,,Peter Drew Durack,
188,00AKI,Peter Craig Dutton,
189,RU5,Mary Louise Easson,
190,83R,Graham John Edwards,
191,,Harold Raymond Edwards,
192,AG4,Ronald Frederick Edwards,
193,4L6,Alan Eggleston,
194,,Robert James Ellicott,
195,DZW,Justine Elliot,,,Maria Justine Elliot
196,6T4,Robert Paul Elliott,
197,5K6,Annette Louise Ellis,
198,DZU,Kate Margaret Ellis,,,Katherine Margaret Ellis
199,9X5,Chris Martin Ellison,,,Christopher Martin Ellison
200,6K6,Kay Selma Elson,
201,,Ronald Charles Elstob,
202,83V,Craig Anthony Emerson,
203,7K6,Warren George Entsch,
204,AX5,Chris Vaughan Evans,,,Christopher Vaughan Evans
205,VD4,Gareth John Evans,
206,,John Gordon Evans,
207,N36,Martyn John Evans,
208,3V5,Richard David Conroy Evans,
209,7R5,Paul Anthony Edward Everingham,
210,HQ5,John Joseph Fahey,
211,,Peter David Falconer,
212,00AMO,Pat Francis Farmer,,,Patrick Francis Farmer
213,WD4,Wendy Frances Fatin,
214,5K4,John Philip Faulkner,
215,DYU,David Julian Fawcett,
216,EP5,Alan Baird Ferguson,
217,8T4,Laurie Donald Thomas Ferguson,
218,LS4,Martin John Ferguson,
219,DYH,Michael Darrel Ferguson,
220,5L6,Jeannie Margaret Ferris,
221,E4R,Steve Fielding,,,Steven Murray Fielding
# Connie is a nickname for Concetta but is sometimes misused as another middle name
222,E4T,Concetta Anna Fierravanti-Wells,,,Concetta Connie Fierravanti-Wells
223,CG4,Wallace Clyde Fife,
224,D2I,Mitch Peter Fifield,,,Mitchell Peter Fifield
225,QT4,Paul Anthony Filing,
226,DG4,Tim Andrew Fischer,,,Timothy Andrew Fischer
227,HBE,Mary Jo Fisher,,,Mary Josephine Fisher
228,EG4,Peter Stanley Fisher,
229,FG4,Eric John Fitzgibbon,
230,8K6,Joel Andrew Fitzgibbon,
231,,John Fitzpatrick,
232,RT4,Frank Allen Ford,
233,GG4,Dominic John Foreman,
234,NV5,John Alexander Forrest,
235,656,Michael George Forshaw,
236,HG4,Ross Vincent Free,
237,,Kenneth Lionel Fry,
238,CU4,Chris Ann Gallus,,,Christine Ann Gallus
239,9K6,Teresa Gambaro,
240,,Ransley Victor Garland,
241,HV4,Peter Robert Garrett,
242,AK6,Joanna Gash,
243,PG4,John Gayler,
244,QG4,George Gear,
245,DZY,Steve Georganas,,,Steven Georganas
246,JH5,Jennie George,
247,7V4,George Georges,
248,HM5,Petro Georgiou,
249,83W,Jane Frances Gerick,
250,83X,Steve William Gibbons,,,Stephen William Gibbons
251,6L6,Brenda Gibbs,
252,BX5,Brian Francis Gibson,
253,ST4,Garrie David Gibson,
254,RG4,Arthur Thomas Gietzelt,
255,,Geoffrey O'Halloran Giles,
256,XG4,Patricia Jessie Giles,
257,83L,Julia Eileen Gillard,
258,,Reginald Gillard,
259,XD4,Bruce John Goodluck,
260,YG4,Russell Neville Joseph Gorman,
261,ZG4,Ted Laurence Grace,,,Edward Laurence Grace
262,ML6,Elizabeth Jane Grace,
263,,Bruce William Graham,
264,8W5,Gary Gray,
265,86X,Brian Andrew Greig,
266,00AMP,Sharon Joy Grierson,
267,VU5,Alan Peter Griffin,
268,0H4,Alan Gordon Griffiths,
269,9V4,Donald James Grimes,
270,,Raymond John Groom,
271,,Margaret Georgina Constance Guilfoyle,
272,84T,Barry Wayne Haase,
273,1H4,Janine Haines,
274,HWD,Damian Francis Hale,
275,83N,Jill Griffiths Hall,
276,,Raymond Steele Hall,
277,3H4,Robert George Halverson,
278,,David John Hamer,
279,5H4,Gerard Leslie Hand,
280,BK6,Pauline Lee Hanson,
281,CK6,Gary Douglas Hardgrave,
282,6H4,Brian Harradine,
283,,Graham McDonald Harris,
284,8HC,Leonard William Harris,
285,00AMM,Luke Hartsuyker,
286,,Elizabeth Robyn Harvey,
287,,John Whitton Haslem,
288,LN6,Michael John Hatton,
289,TU5,Christopher Douglas Haviland,
290,HWO,Alex George Hawke,,,Alexander George Hawke
291,YD4,Robert James Lee Hawke,
292,8H4,David Peter Maxwell Hawker,
293,RK4,William George Hayden,
294,ECV,Chris Patrick Hayes,,,Christopher Patrick Hayes
295,FE7,Jean Margaret Hearn,
296,C16,Bill Daniel Heffernan,,,William Daniel Heffernan
297,,Albion Hendrickson,
298,E0L,Stuart Irwin Henry,
299,ZU5,Marjorie Madeline Henzell,
300,VW4,John Joseph Herron,
301,,John Robert Hewson,
302,AH4,Noel Jeffrey Hicks,
303,,Heather Elaine Hill,
304,BH4,Robert Murray Hill,
305,83Y,Kelly Joy Hoare,
306,DK6,Joe Benedict Hockey,,,Joseph Benedict Hockey
307,TE7,John Charles Hodges,
308,BV4,Michael William Hodgman,
309,7L6,John Joseph Hogg,
310,CH4,Allan Clyde Holding,
311,DH4,Colin Hollis,
312,UU5,Bob Hodges Horne,,,Robert Hodges Horne
313,ZD4,John Winston Howard,
314,EH4,Brian Leslie Howe,
315,83O,Kay Elizabeth Hull,
316,TT4,Rob Justin Hulls,
317,FH4,Benjamin Charles Humphreys,
318,KO6,Gary John Joseph Humphries,
319,00AMV,Greg Andrew Hunt,,,Gregory Andrew Hunt
320,GH4,Ralph James Dunnet Hunt,
321,AV4,Christopher John Hurford,
322,E4U,Annette Kay Hurley,
323,84P,Steve Patrick Hutchins,,,Stephen Patrick Hutchins
324,,John Martin Hyde,
325,,Urquhart Edward Innes,
326,HYM,Steve James Irons,,,Stephen James Irons
327,83Z,Julia Claire Irwin,
328,00AN2,Sharryn Maree Jackson,
329,CV4,Ralph Jacobi,
330,0E4,Carolyn Anne Jakobsen,
331,,Albert William James,
332,,Alan William Jarman,
333,EK6,Susan Barbara Jeanes,
334,,Henry Alfred Jenkins,1925-09-24
335,HH4,Harry Alfred Jenkins,1952-08-18,,Henry Alfred Jenkins
336,IH4,Jean Alice Jenkins,
337,DYN,Dennis Geoffrey Jensen,
338,,Donald Scott Jessop,
339,JH4,Gary Thomas Johns,
340,,Leonard Keith Johnson,
341,,Leslie Royston Johnson,
342,00AMX,Michael Andrew Johnson,
343,,Peter Francis Johnson,
344,00AON,David Albert Lloyd Johnston,
345,,James Roger Johnston,1930-06-18
346,NL6,Ricky Johnston,
347,KH4,Barry Owen Jones,
348,,Charles Keith Jones,
349,LH4,Gerry Norman Jones,
350,E5D,Barnaby Thomas Gerard Joyce,
351,MH4,David Francis Jull,
352,HX4,Bob Carl Katter,1945-05-22,,Robert Carl Katter
353,1V5,Robert Cummin Katter,
354,NH4,Paul John Keating,
355,,James Bernard Keeffe,
356,E0J,Michael Fayat Keenan,
357,FK6,De-Anne Margaret Kelly,
358,GK6,Jackie Marie Kelly,,,Jacqueline Marie Kelly
359,HRI,Mike Joseph Kelly,,,Michael Joseph Kelly
360,OH4,Roslyn Joan Kelly,
361,WW4,Rod Kemp,,,Charles Roderick Kemp
362,BT4,David Alistair Kemp,
363,PH4,Lewis Kent,
364,XW4,Cheryl Kernot,
365,RH4,Duncan James Colquhoun Kerr,
366,,Bernard Francis Kilgariff,
367,,Denis James (later Sir James) Killen,
368,00AMR,Ms Catherine Fiona King,
369,00AMQ,Mr Peter Edward King,
370,00AOO,Linda Jean Kirk,
371,SH4,Richard Emanuel Klugman,
372,,John William Knight,
373,GV5,Peter John Knott,
374,TH4,Susan Christine Knowles,
375,NH7,Milivoj Emil Lajovic,
376,JG4,Antony Hamilton Lamb,
377,E0H,Andrew Charles Laming,
378,KG4,John Vance Langmore,
379,K26,Mark William Latham,
380,,Condor Louis Laucke,
381,LG4,Michael Hugh Lavarch,
382,834,Anthony John Lawler,
383,XS4,Carmen Mary Lawrence,
384,MG4,Michael John Lee,
385,8U4,Meg Heather Lees,
386,NG4,Austin William Russell Lewis,
387,00AMN,Sussan Penelope Ley,
388,XU5,Louis Stuart Lieberman,
389,WP6,Ross Lightfoot,,,Philip Ross Lightfoot
390,OG4,Eamon John Lindsay,
391,HK6,Peter John Lindsay,
392,83A,Kirsten Fiona Livermore,
393,,Bruce Lloyd,
394,IK6,Jim Eric Lloyd,,,James Eric Lloyd
395,BS4,Stephen Loosley,
396,,Philip Ernest Lucock,
397,84N,Joe William Ludwig,,,Joseph William Ludwig
398,7G6,Kate Alexandra Lundy,
399,,Stephen Augustus Lusher,
400,,Phillip Reginald (later Sir Phillip) Lynch,
401,YW4,Ian Douglas Macdonald,
402,CX5,Sandy Macdonald,,,John Alexander Lindsay Macdonald
403,WN6,Ian Elgin Macfarlane,
404,YH4,David John Macgibbon,
405,AT4,Edward Carrington Mack,
406,9L6,Sue Mary Mackay,,,Susan Mary Mackay
407,014,Michael John Randal Mackellar,
408,,Alexander John Mackenzie,
409,PG6,Jenny Louise Macklin,,,Jennifer Louise Macklin
410,,Michael John Macklin,
411,,Ian Malcolm Macphee,
412,,Graham Ross Maguire,
413,GP4,Michael John Maher,
414,LK6,Paul Marek,
415,DX5,Diane Elizabeth Margetts,
416,HWP,Nola Bethwyn Marino,
417,E07,Louise Elizabeth Markus,
418,HWQ,Richard Donald Marles,
419,00AOP,Gavin Mark Marshall,
420,8I4,Stephen Paul Martin,
421,,Vincent Joseph Martin,
422,,John Raymond Martyr,
423,84M,Brett John Mason,
424,YJ7,Colin Victor James Mason,
425,,Charles Ronald Maunsell,
426,83B,Margaret Ann May,
427,8K7,Helen Mayer,
428,VH4,Stewart McArthur,,,Fergus Stewart McArthur
429,,Ronald Edward McAuliffe,
430,EK7,Douglas McClelland,
431,JK6,Robert Bruce McClelland,
432,KK6,Graeme Robert McDougall,
433,E5E,Anne McEwen,
434,83C,Jann Sonya McFarlane,
435,WH4,Julian John James McGauran,,,Julian John McGauran
436,XH4,Peter John McGauran,
437,ZH4,Jeannette McHugh,
438,WK7,Gordon Douglas McIntosh,
439,BP4,Maxine McKew,,,Margaret Maxine McKew
440,1I4,Jim Philip McKiernan,,,James Philip McKiernan
441,HT4,Ian Murray McLachlan,
442,,Geoffrey Thomas McLaren,
443,,Paul Alexander McLean,
444,,Ross Malcolm McLean,
445,,John Elden McLeay,
446,,Leo Boyce McLeay,
447,84L,Jan Elizabeth McLucas,
448,,James Leslie McMahon,
449,,William (later Sir William) McMahon,
450,5I4,Bob Francis McMullan,,,Robert Francis McMullan
451,ML7,Daniel Thomas McVeigh,
452,4T4,Daryl Melham,
453,,Jean Isobelle Melzer,
454,,Anthony John Messner,
455,AI4,John Barry Mildren,
456,BI4,Chris Gordon Miles,,,Christopher Gordon Miles
457,CI4,Percival Clarence Millar,
458,KA5,Christine Anne Milne,
459,DI4,Peter Milton,
460,JX4,Nick Hugh Minchin,,,Nicholas Hugh Minchin
461,00AMU,Sophie Mirabella,,,Sophie Panopoulos
462,YL7,Alan Joseph Missen,
463,00AOQ,Claire Mary Moore,
464,EI4,John Colinton Moore,
465,FI4,Allan Agapitos Morris,
466,GI4,John Joseph Morris,
467,HI4,Peter Frederick Morris,
468,E3L,Scott John Morrison,
469,MK6,Frank William Mossfield,
470,,John Graham Mountford,
471,4V5,Judi Eleanor Moylan,,,Judith Eleanor Moylan
472,,James Anthony Mulvihill,
473,83D,John Paul Murphy,1950-05-31
474,FX5,Shayne Michael Murphy,
475,3M6,Andrew James Marshall Murray,
476,NK6,Stephen Bruce Mutch,
477,OK6,Gary Roy Nairn,
478,E5G,Fiona Joy Nash,
479,B36,Belinda Jane Neal,
480,,Laurence William Neal,
481,AE4,Garry Barr Nehl,
482,,Maurice James Neil,
483,RW5,Brendan John Nelson,
484,00AOR,Kerry Michelle Nettle,
485,HVO,Shayne Kenneth Neumann,
486,KV5,Paul Christopher Neville,
487,9U4,Neville Joseph Newell,
488,BE4,Jocelyn Margaret Newman,
489,,Kevin Eugene Newman,
490,,Peter James Nixon,
491,UT4,Peter Edward Nugent,
492,8O6,Kerry Williams Kelso O'Brien,
493,,Justin Hilary O'Byrne,
494,84S,Michelle Anne O'Byrne,
495,EU4,William George O'Chee,
496,00AN3,Brendan Patrick O'Connor,
497,WU5,Gavan Michael O'Connor,
498,,Frank Lionel O'Keefe,
499,CE4,Neil Patrick O'Keefe,
500,DE4,Lloyd Reginald Terrence O'Neil,
501,DU4,John Wayne Olsen,
502,BNL,Michael Keith Organ,
503,E09,Julie Ann Owens,
504,JI4,John Horace Panizza,
505,KI4,Warwick Raymond Parer,
506,HWR,Melissa Parke,
507,E5V,Stephen Shane Parry,
508,LI4,Kay Christine Lesley Patterson,,,Kay Christine Patterson
509,M56,Marise Ann Payne,
510,MI4,Andrew Sharp Peacock,
511,A8W,Chris John Pearce,,,Christopher John Pearce
512,HVP,Graham Douglas Perrett,
513,83M,Tanya Joan Plibersek,
514,,Reginald Thomas Pollard,
515,E5X,Helen Beatrice Polley,
516,NI4,James Robert Porter,
517,OI4,Janet Frances Powell,
518,PI4,Michael Philip Pratt,
519,QI4,Roger Price,,,Leo Roger Spurway Price
520,SO7,Cyril Graham Primmer,
521,RI4,Geoff Daniel Prosser,,,Geoffrey Daniel Prosser
522,SI4,Gary Francis Punch,
523,TI4,Christopher John Guelph Puplick,
524,9V5,Christopher Maurice Pyne,,,Chris Maurice Pyne
525,AV5,Harry Vernon Quick,
526,ZS6,John Andrew Quirke,
527,,Peter Elliot Rae,
528,HVQ,Brett Blair Raguse,
529,HWS,Rowan Eric Ramsey,
530,PK6,Don James Randall,,,Donald James Randall
531,UI4,Robert Francis Ray,
532,HVR,Kerry Marie Rea,
533,,John Edward Reeves,
534,VI4,Margaret Elizabeth Reid,
535,VT4,Nicholas Bruce Reid,
536,WI4,Peter Keaston Reith,
537,XI4,Margaret Reynolds,
538,4E4,Graham Frederick Richardson,
539,E0B,Kym Charles Richardson,
540,8G6,Aden Derek Ridgeway,
541,WT4,John Peter Riggall,
542,83E,Bernie Fernando Ripoll,,,Bernard Fernando Ripoll,Bernard Fernand Ripoll
543,HWA,Amanda Louise Rishworth,
544,FU4,Andrew John Robb,
545,HWT,Stuart Rowland Robert,
546,OP7,Edward Albert Robertson,
547,,Eric Laidlaw Robinson,
548,YI4,Ian Louis Robinson,
549,ZI4,Allan Charles Rocher,
550,XT4,Michael John Clyde Ronaldson,
551,83K,Nicola Louise Roxon,
552,83T,Kevin Michael Rudd,
553,0J4,Philip Maxwell Ruddock,
554,GD5,Susan Maree Ryan,
555,HVY,Janelle Anne Saffin,
556,,Murray Evan Sainsbury,
557,1J4,Norman Karl Sanders,
558,BOT,Santo Santoro,1956-04-27,
559,2J4,John Saunderson,
560,3J4,Rod Weston Sawford,,,Rodney Weston Sawford
561,4J4,Chris Cleland Schacht,,,Christopher Cleland Schacht
562,5J4,Gordon Glen Denton Scholes,
563,83Q,Alby John Schultz,,,Albert John Schultz
564,6J4,Con Antonio Sciacca,,,Concetto Antonio Sciacca
565,YT4,Bruce Craig Scott,
566,MQ7,Douglas Barr Scott,
567,7J4,John Lyden Scott,1934-03-31
568,8J4,Leslie James Scott,
569,00AOM,Nigel Gregory Scullion,
570,848,Patrick Damien Secker,
571,QK6,Bob Charles Grant Sercombe,,,Robert Charles Grant Sercombe
572,9J4,Peter Donald Shack,
573,AJ4,John Randall Sharp,
574,,George William Shaw,
575,BJ4,Glenister Sheil,
576,ZW4,Nick John Sherry,,,Nicholas John Sherry
577,CJ4,Roger Francis Shipton,
578,DJ4,Jim Robert Short,,,James Robert Short
579,9V8,Leonie Marjorie Short,
580,00ATG,Bill Richard Shorten,,,William Richard Shorten
581,EJ4,Kerry Walter Sibraa,
582,EVL,John Royston Siddons,
583,849,Sid Sidebottom,,,Peter Sid Sidebottom
584,E5Z,Rachel Mary Siewert,
585,,John Peter Sim,
586,FJ4,David William Simmons,
587,,Barry Douglas Simon,
588,HWE,Luke Xavier Linton Simpkins,
589,5E4,Ian McCahon Sinclair,
590,0V5,Peter Neil Slipper,
591,SK6,Anthony Charles Smith,
592,00APG,Tony David Hawthorn Smith,,,Anthony David Hawthorn Smith
593,JV5,Silvia Joy Smith,
594,5V5,Stephen Francis Smith,
595,GJ4,Warwick Leslie Smith,
596,,Brendan Michael Smyth,
597,,Billy Mackie (later Sir Billy) Snedden,
598,HJ4,James Henry Snow,
# Snowden is a misspelling of Snowdon
599,IJ4,Warren Edward Snowdon,,,Warren Edward Snowden
600,ZT4,Alex Michael Somlyay,,,Alexander Michael Somlyay
601,TK6,Andrew John Southcott,
602,VC5,Karin Nicole Sowada,
603,JJ4,John Michael Spender,
604,0X4,Sid Spindler,
605,84B,Clair Stuart Roy St,
606,,Anthony Allan Staley,
607,KJ4,Peter Richard Staples,
608,,Alan Peter Steedman,
609,00AOS,Ursula Mary Stephens,
610,E68,Glenn Sterle,
611,LJ4,John Owen Stone,
612,EM6,Sharman Nancy Stone,
613,3I6,Natasha Jessica Stott Despoja,
614,,Anthony Austin Street,
615,HVS,Jon Harold Sullivan,1950-11-10,,Jonathan Harold Sullivan
616,3E4,Kathy Jean Martin Sullivan,,,Kathryn Jean Martin Sullivan
617,2V5,Wayne Maxwell Swan,
618,HW8,Mike Stuart Symon,,,Michael Stuart Symon
619,FQ6,Karen Margaret Synon,
620,6E4,Grant Ernest John Tambling,
621,YU5,Lindsay James Tanner,
622,NJ4,Michael Carter Tate,
623,OJ4,William Leonard Taylor,
624,86Y,Tsebin Tchen,
625,PJ4,Baden Chapman Teague,
626,QJ4,Andrew Charles Theophanous,
627,,Andrew Murray Thomas,
628,84C,Cameron Paul Thompson,
629,FB6,Andrew Peter Thomson,
630,HVZ,Craig Robert Thomson,
631,,David Scott Thomson,
632,UK6,Kelvin John Thomson,
633,00ANF,Ken Vincent Ticehurst,,,Kenneth Vincent Ticehurst
634,RJ4,Robert Edward Tickner,
635,O15,John William Tierney,
636,00AN4,Dave William Tollner,,,David William Tollner
637,,Michael Townley,
638,HVU,Chris Allan Trevor,
639,GX5,Judith Mary Troeth,
640,E6A,Russell Brunell Trood,
641,GT4,Warren Errol Truss,
642,SJ4,Wilson Tuckey,,,Charles Wilson Tuckey
643,885,Malcolm Bligh Turnbull,
644,HVV,Jim Pearce Turnour,,,James Pearce Turnour
645,EE4,Thomas Uren,
646,SU5,Mark Anthony James Vaile,
647,VK6,Danna Sue Vale,
648,IG4,Josephine Vallentine,
649,00AMT,Maria Vamvakinou,
650,7E4,Amanda Eloise Vanstone,
651,E0D,Ross Xavier Vasta,
652,OT7,David Bernard Vigor,
653,,Robert Ian Viner,
654,HV5,Barry Hugh Wakelin,
655,9T4,Francis John Walker,
656,,Laurie George Wallis,
657,TJ4,Peter Alexander Walsh,
658,UJ4,Mary Shirley Walters,
659,84F,Mal James Washer,,,Malcolm James Washer
660,,David John Hopetoun Watson,1945-01-29,
661,VJ4,John Odin Wentworth Watson,1937-01-25
662,00AOT,Ruth Stephanie Webber,
663,WJ4,Alasdair Paine Webster,
664,,James Joseph Webster,
665,,Deane McMillan Wells,
666,XK6,Andrea Gail West,
667,XJ4,Stewart John West,
668,1X4,Suzanne Margaret West,
669,,John Murray Wheeldon,
670,RC6,Thomas Clive Wheelwright,
671,YJ4,Peter Nicholson Duckett White,1936-01-19,2005-02-13
672,84G,Kim Wilkie,
673,7V5,Daryl Robert Williams,
674,ZJ4,Ralph Willis,
675,YK6,Gregory Stuart Wilton,
676,009LP,Tony Harold Curties Windsor,,,Antony Harold Curties Windsor
677,DV4,Reginald Greive Withers,
678,00AOU,Penny Ying Yen Wong,,,Penelope Ying Yen Wong,Penelope Ying-Yen Wong
679,E0F,Jason Peter Wood,
680,8V7,William Robert Wood,
681,HX5,John Woodley,
682,0U3,Harry Francis Woods,
683,1K4,Bob Leslie Woods,,,Robert Leslie Woods
684,8E4,Michael Richard Lewis Wooldridge,
685,8V5,Trish Mary Worth,,,Patricia Mary Worth
686,E6C,Dana Johanna Wortley,
687,,Kenneth Shaw Wriedt,
688,2K4,Keith Webb Wright,1942-01-09,
689,,William Yates,
690,,Harold William Young,
691,EV4,Michael Jerome Young,
692,84H,Christian John Zahra,
693,FE4,Alice Olive Zakharov,
694,ZK6,Paul John Zammit,
695,HWB,Tony Zappia,,,Antonio Zappia
699,,Leonard Joseph Keogh,
700,QH4,John Charles Kerin,
701,,William Lawrence Morrison,
702,0K4,Ian Bonython Cameron Wilson,
703,IPZ,Darren Chester,
# New Senators starting on 1 July 2008
704,HES,Mark Arbib,
705,HZB,Catryna Bilyk,
706,AI6,Doug Cameron,,,Douglas Niven Cameron
707,I0M,Michaelia Cash,
708,I0N,Don Farrell,,,Donald Edward Farrell
709,I0O,David Feeney,
710,I0P,Mark Furner,
711,I0U,Sarah Hanson-Young,
712,G1N,Helen Kroger,
713,I07,Scott Ludlam,
714,I0T,Louise Pratt,
715,I0Q,Scott Ryan,
# John Williams from his biography pages looks like he has the aph_id of I0V. However, in the Hansard XML
# for 2008 he is consistently referred to by the aph_id 00AF1. In the XML for 2009 he's referred to as I0V. So
# the id's are not constant over time. Thanks guys.
716,I0V,John Williams,
717,8IV,Nick Xenophon,,,Nicholas Xenophon
# New Representatives elected in by-election on 6.8.2008
720,IYS,Robert Oakeshott,
721,IYU,Jamie Briggs,
# New Senator on 11.3.2009
722,J7Q,Christopher John Back,,,Chris Back
# The following long list of people added because they were in the Queensland parliament
723,,Herbert Adair,1905-08-23,1994-10-21
724,,Walter Adams,,1892-05-15
725,,John Adamson,1857-02-18,1922-05-02
726,,George Agnew,1853-06-14,1934-12-19
727,,Thomas Gipps Ahearn,1929-08-06,
728,,Michael John Ahern,1942-01-02,
729,,John Albert Aiken,1918-03-17,
730,,Thomas Aikens,1900-04-28,1985-11-30
731,,Peter Airey,,1950-08-10
732,,George Akers,1941-10-17,2006-10-28
733,,Robert Aland,1836-12-24,1904-03-19
734,,Gilbert Alison,1933-05-20,
735,,James Allan,1856-12-20,1938-01-26
736,,William Allan,,1901-10-19
737,,Barnett Francis Samuel Allen,1882-02-19,1948-10-18
738,,Frederick James Allpass,1889-09-21,1977-04-05
739,,Francis Tyssen Amhurst,1842-09-27,1881-01-03
740,,Mervyn John Reginald Anderson,1909-04-04,1971-11-14
741,,James Douglas Annand,1875-01-21,1952-08-07
742,,John Thomas Annear,1842-06-03,1910-05-28
743,,William Aplin,1840-04-27,1901-02-18
744,,John George Appel,1859-03-15,1929-03-19
745,,Archibald Archer,1820-03-13,1902-02-10
746,,Edward Walker Archer,1871-12-12,1940-07-01
747,,John Archibald,1845-12-15,1907-05-20
748,,Leonard Arthur Ardill,1931-03-15,
749,,Thomas Gummersal Armfield,,1931-04-21
750,,Roy Alexander Armstrong,1914-01-14,1991-04-26
751,,William Drayton Armstrong,1862-03-28,1936-06-02
752,,Ernest Albert Atherton,1879-03-22,1954-06-29
753,,Travers Atkin,1841-11-29,1872-05-25
754,,Julie Marie Attwood,1957-05-31,
755,,Brian Douglas Austin,1943-03-22,
756,,Earle Wilfred Bailey,1941-10-05,
757,,William Gill Bailey,,1889-04-23
758,,Edgar Allan Baldwin,1922-10-25,2008-01-01
759,,John Lloyd Bale,1837-01-18,1885-11-22
760,,John Balfour,,1875-03-21
761,,George Barber,,1932-04-10
762,,George Phillips Barber,,1938-11-07
763,,Raymond Douglas Barber,1959-02-28,
764,,William Barker,,1886-12-22
765,,Andrew Henry Barlow,1837-08-08,1915-03-29
766,,George Powell Barnes,1856-09-20,1949-12-09
767,,John Francis Barnes,1904-10-21,1952-05-12
768,,Louis Joseph Barnes,1906-01-13,1983-06-02
769,,Walter Henry Barnes,1858-09-07,1933-02-19
770,,Veronica Lesley Barry,1960-01-30,
771,,John Bartholomew,1858-10-31,1928-09-25
772,,Adolphus Henry Everard Barton,,1916-05-20
773,,Charles Hastings Barton,,1902-06-16
774,,Edward Gustavus Campbell Barton,1857-12-11,1942-06-18
775,,Hon. Thomas Alfred Barton,1949-08-11,
776,,Rosslyn Mary Bates,1962-05-25,
777,,Matthew Robertson Battersby,1841-12-18,1899-05-15
778,,William Francis Baumann,1942-10-12,
779,,William Edward Baxter,1907-05-29,1978-07-05
780,,James Garfield Bayley,,
781,,Percy Molineux Bayley,,1942-08-16
782,,William Henry Baynes,,1898-09-04
783,,Denver Edward Beanland,1945-01-26,
784,,Peter Francis Beard,1935-05-22,
785,,Edwin James Beardmore,1891-01-18,1985-04-08
786,,Francis Beattie,1829-08-29,1886-04-16
787,,Hon. Peter Douglas Beattie,1952-11-18,
788,,William Bebbington,1856-10-19,1939-07-31
789,,Randolph George Bedford,1868-07-28,1941-07-07
790,,Thomas Charles Beirne,1860-09-09,1949-04-21
791,,Alexander James Douglas Bell,1945-07-13,
792,,Ernest Thomas Bell,1880-03-31,1930-05-02
793,,John Alexander Bell,,1901-08-30
794,,Sir Joshua Peter Bell,1827-01-19,1881-12-20
795,,Joshua Thomas Bell,,1911-03-10
796,,Roy Mackenzie Bell,1885-03-20,1953-08-29
797,,Colin James Bennett,1919-05-10,2002-06-12
798,,Neil Patrick Bennett,1958-02-28,
799,,John Robinson Benson,,1885-07-25
800,,Henry Rogers Beor,1846-02-07,1880-12-25
801,,Clive John Berghofer,1935-05-04,
802,,Angelo Pietro Dante Bertoni,1933-11-07,
803,,William Bertram,1875-01-11,1957-06-11
804,,Francis Edward Biggie,,1915-12-03
805,,Lorraine Rita Bird,1942-02-12,
806,,Valmond James Bird,1928-05-14,2005-08-19
807,,Bruce Edward Bishop,1925-08-25,
808,,Sir Johannes Bjelke-Petersen,1911-01-13,2005-04-23
809,,Adam Black,,1902-12-26
810,,Alfred Harold Black,1947-04-06,
811,,Maurice Hume Black,1830-12-16,1899-08-16
812,,John Blackley,1862-01-08,
813,,Sir James William Blair,1871-05-16,1944-12-18
814,,James Robert Henry Blake,1921-10-06,
815,,Charles William Blakeney,,1876-01-12
816,,Jarrod Bleijie,,
817,,Hon. Anna Maria Bligh,1960-07-14,
818,,George Henry Blocksidge,,1944-01-20
819,,Henry Joseph Weld Blundell,,
820,,Jason Boles,,1920-08-24
821,,Chris Bombolas,1960-05-12,
822,,Charles Joseph Booker,1865-06-03,1925-06-04
823,,Desmond James Booth,1920-07-20,1996-12-11
824,,Hon. Robert Edward Borbidge,1954-08-12,
825,,Thomas William Bouchard,1865-10-08,1943-11-02
826,,Anthony James Bourke,1941-07-30,
827,,William Raymond James Bousen,1911-01-13,2002-05-28
828,,Richard Rowland Bow,,1941-06-11
829,,David Bowman,1860-08-04,1916-02-25
830,,William Draper Box,,1904-01-26
831,,Robert Livingstone Boyd,,1951-05-30
832,,Hon. Desley Carole Boyle,1948-03-29,
833,,Hon. Paul Joseph Braddy,1939-01-20,
834,,John Bramston,1832-12-14,1921-09-13
835,,Sir William Alfred Brand,1888-08-22,
836,,Samuel John Brassington,1901-05-06,1950-10-04
837,,Stephen Dominic Bredhauer,1958-02-15,
838,,Frank Tennison Brennan,1884-12-06,1949-08-06
839,,James Brennan,1857-02-25,1917-06-13
840,,Frederick Thomas Brentnall,1834-06-17,1925-01-11
841,,Edward Denis Joseph Breslin,,1914-08-26
842,,Thomas Bridges,1843-12-22,1939-06-04
843,,Right Hon. John P.c. Bright,1811-11-16,1889-03-27
844,,Darryl James Briskey,1955-08-24,
845,,Fred Phillip Bromely,1917-07-24,1988-05-14
846,,William Brookes,1825-10-14,1898-07-16
847,,Samuel Wood Brooks,1840-08-29,1915-02-09
848,,Michael Timothy Brosnan,1907-12-05,1966-07-20
849,,Alfred Delves Broughton,1826-11-20,1895-03-10
850,,Alfred Henry Brown,,1908-09-30
851,,Charles Victor Watson Brown,1895-05-24,1970-05-01
852,,Ivan Brown,1922-11-10,1977-05-12
853,,John Innes Brown,,1949-12-03
854,,Richard Kidston Brown,,1971-01-22
855,,William Villiers Brown,,1915-04-29
856,,Eyles Irwin Caulfield Browne,1819-06-24,1886-06-17
857,,William Henry Browne,,1904-04-12
858,,Henry Adam Bruce,1884-05-16,1958-10-11
859,,Archibald Berdmore Buchanan,,1883-03-30
860,,John Francis Buckland,,1910-09-21
861,,Henry Buckley,1813-06-21,1888-04-14
862,,John Andrew Budd,1950-04-18,
863,,Frank William Bulcock,1894-06-06,
864,,Robert Bulcock,1832-05-21,1900-05-10
865,,George Robertson Burns,,1893-11-05
866,,Hon. Thomas James Burns,1931-10-27,2007-06-04
867,,Tony Anthony Burreket,1934-07-06,
868,,James Burrows,1899-02-12,1978-10-30
869,,John Burrows,1864-10-16,1925-02-03
870,,Frank Wells Butler,,1961-07-25
871,,Robert John Cuthbert Butler,1889-04-20,1950-11-08
872,,Charles Hardie Buzacott,1835-08-03,1918-08-19
873,,David Edward Byrne,1951-01-20,
874,,Peter Byrne,1892-06-13,1974-03-16
875,,Thomas Joseph Byrnes,1860-11-11,1898-09-27
876,,James John Cadell,1843-11-05,1919-12-11
877,,Brian John Cahill,1931-02-16,
878,,Edward James Caine,,1956-09-26
879,,Albert James Callan,,1912-05-09
880,,Michael Andrew Caltabiano,1964-04-08,
881,,John Cameron,1845-03-12,1914-06-25
882,,Ronald Ernest Camm,1914-07-22,1988-03-15
883,,Charles Campbell,1843-08-06,1919-03-18
884,,Clement Bernard Campbell,1948-08-16,
885,,Frederick Alexander Campbell,1911-01-17,1995-09-11
886,,James Campbell,1838-10-28,1925-09-15
887,,John Dunmore Campbell,1854-04-19,1909-06-19
888,,Thomas Campbell,,1905-01-17
889,,William Henry Campbell,1846-07-18,1919-06-17
890,,Cecil Charles Carey,1907-09-21,1969-12-26
891,,Francis Edward Carroll,1952-04-08,
892,,Robert Joseph Carroll,,1940-02-07
893,,Arthur John Carter,1847-09-27,1917-11-06
894,,George Carter,,1932-10-05
895,,William Edward Carter,1899-02-28,1969-08-23
896,,Hon. Edmund Denis Casey,1933-01-02,2006-05-01
897,,Richard Gardiner Casey,1846-12-17,1919-04-25
898,,William Joseph Castling,,1906-06-07
899,,Henry Albert Cattermull,,1935-08-30
900,,Sir Gordon William Wesley Chalk,1913-05-16,1991-04-26
901,,Henry Challinor,1814-06-22,1882-09-09
902,,Sir John Beals Chandler,1887-02-21,1962-01-19
903,,Yvonne Ann Chapman,1940-01-20,
904,,James Vincent Chataway,1852-09-06,1901-04-12
905,,Geoffrey Talbot Chinchen,1915-07-31,2005-07-17
906,,Michael Wai-Man Choi,1959-03-04,
907,,Charles Edward Chubb,1845-05-17,1930-02-27
908,,Charles Henry George Carr Clark,1832-05-25,1896-09-16
909,,Elizabeth Anne Clark,1953-11-06,
910,,George John Edwin Clark,1834-03-19,1907-02-06
911,,James Clark,1891-02-05,1963-11-22
912,,Dr Lesley Ann Clark,1948-08-10,
913,,Paul John Clauson,1945-08-16,
914,,Ernest Henry Collet Clayton,1889-11-09,1946-12-30
915,,Felix Clewitt,1836-03-10,1913-02-13
916,,Arthur Coburn,1897-07-13,1969-08-29
917,,William Parry Colborne,,1945-07-08
918,,Joseph Silver Collings,1865-05-11,1955-06-20
919,,Charles Collins,1867-09-25,1936-03-28
920,,Harold Henry Collins,1887-08-09,1962-07-12
921,,Robert Martin Collins,1843-12-17,1913-08-18
922,,Hon. Patrick Comben,1950-05-03,
923,,Alfred William Compigne,1818-02-07,1909-07-04
924,,Charles William Conroy,,1944-07-28
925,,Peter David Connolly,1920-10-29,
926,,Raymond Thomas Connor,1954-12-04,
927,,Trevor McDougall Coomber,1949-06-13,
928,,Arthur Charles Cooper,,1921-10-01
929,,Frank Arthur Cooper,1872-07-16,1949-11-23
930,,Frederick Augustus Cooper,,1908-11-12
931,,Pope Alexander Cooper,1848-05-12,1923-08-30
932,,Theo Russell Cooper,1941-02-04,
933,,Vivian Joseph Northcote Cooper,1909-06-19,
934,,William Cooper,,1957-11-29
935,,Stuart William Copeland,1968-01-19,
936,,Patrick Kerry Copley,1901-12-11,1949-08-18
937,,William John Copley,1906-09-23,1975-04-21
938,,William Henry Corfield,,1927-09-01
939,,Bernard Henry Corser,,1967-12-15
940,,Edward Bernard Cresset Corser,,1928-07-31
941,,David Wheatcroft Cory,1928-08-03,
942,,Edward Costello,1883-02-07,1967-06-27
943,,Richard John Cottell,1865-08-06,1911-08-30
944,,Frederick Courtice,,1956-02-18
945,,Henri Cowap,,1930-10-21
946,,Sir Alfred Sandlings Cowley,,1926-12-01
947,,James Cowlishaw,1834-12-19,1929-07-25
948,,Charles Coxen,1809-04-20,1876-05-17
949,,John Henry Coyne,1865-01-16,1926-06-12
950,,Walter Russell Crampton,,1938-10-20
951,,Michael John Crandon,1953-12-10,
952,,Arthur Pinkerton Crawford,1923-09-22,1995-06-19
953,,James Crawford,1870-03-04,1916-12-28
954,,Cornelius Vincent Creagh,,1909-04-14
955,,Benjamin Cribb,1807-11-07,1874-03-11
956,,James Clarke Cribb,1856-10-04,1926-05-23
957,,Robert Cribb,1805-01-07,1893-04-16
958,,Thomas Bridson Cribb,1845-12-01,1913-09-04
959,,Andrew Peter Cripps,1981-02-05,
960,,Peta-Kaye Croft,1972-08-05,
961,,James Crombie,1834-06-08,1898-09-17
962,,John Michael Cross,1859-02-01,1934-04-12
963,,Thomas Martin Crowley,1901-11-15,1965-10-18
964,,Hon. Christopher Paul Cummins,1962-12-12,
965,,Elizabeth Anne Cunningham,1954-01-22,
966,,Hon. Junita Irene Cunningham,1939-02-12,
967,,George Silas Curtis,,1922-10-06
968,,David Bruce Dalgleish,1962-10-13,
969,,David Hay Dalrymple,1840-12-14,1912-09-01
970,,George Augustus Frederick Elphinstone Dalrymple,1826-05-06,1876-01-22
971,,David John Marlais Daniel,,
972,,Owen Daniel,,
973,,Henry Daniels,,1934-06-13
974,,William Theodore D'Arcy,,
975,,Vicky Elizabeth Darling,1966-11-29,
976,,William Logan Dart,,
977,,John Dash,,1952-01-01
978,,George Henry Davenport,1831-10-30,1881-01-01
979,,Alfred Allen Davey,,
980,,Bruce William Davidson,1952-03-15,
981,,Horace Jason Davies,1903-07-17,
982,,Kenneth Henry Davies,1948-07-08,
983,,Brian John Davis,,
984,,Edward William Davis,,
985,,Sydney Beaven Davis,,
986,,Tracy Ellen Davis,,
987,,Andrew Dawson,1863-07-16,1910-07-20
988,,William Arthur Deacon,1872-02-04,1943-12-25
989,,Harold Dean,1913-02-20,1991-02-28
990,,John Horace Deane,1842-01-24,1913-10-27
991,,Eric Paul Decker,,
992,,Eric Deeral,,
993,,Lacy Keith Ernest De,1940-08-07,
994,,Peter Roylance Delamothe,,
995,,William Halliwell Demaine,1859-02-25,1939-08-18
996,,John Mark Dempsey,,
997,,Digby Frank Denham,1859-01-25,1944-05-10
998,,Satge Oscar John De,1836-11-20,1906-09-26
999,,George Henry Devries,1896-07-04,1957-07-13
1000,,Alexander Tattenhall Dewar,1912-06-19,1995-01-07
1001,,Thomas Dibley,,1912-05-31
1002,,Cameron Robert Dick,,
1003,,Sir James Robert Dickson,1832-11-30,1901-01-10
1004,,Steven Lance Dickson,1962-06-24,
1005,,Leslie Frank Diplock,1899-09-16,1983-11-06
1006,,Felix Cyril Sigismund Dittmer,1904-06-27,1977-08-29
1007,,Alfred Dohring,1896-07-01,1982-07-13
1008,,Robert Henry Dollin,1928-12-06,
1009,,James Donald,1895-06-01,1976-05-04
1010,,John Donaldson,1841-10-15,1896-07-25
1011,,John Burton Donnelly,,1949-12-12
1012,,Jeremiah Francis Donovan,,
1013,,Timothy John Donovan,,1939-08-27
1014,,Alexander Rodney Douglas,1958-11-24,
1015,,Henry Alexander Cecil Douglas,1879-04-08,1952-08-30
1016,,John Douglas,1828-03-06,1904-07-23
1017,,Samuel Sydney Doumany,1937-09-02,
1018,,Peter Dowling,,
1019,,James George Drake,1850-04-26,1941-08-01
1020,,John Joseph Dufficy,1901-11-02,1969-11-06
1021,,George Alfred Duffy,,1941-04-01
1022,,Michael Duffy,,1926-02-04
1023,,John Edmund Duggan,1910-12-30,
1024,,Thomas Alberto Dunlop,1880-04-06,1956-01-25
1025,,Andrew Dunn,,1934-04-29
1026,,John Henry Dunsford,1855-07-03,1905-09-15
1027,,Robert Dunsmure,,1894-08-04
1028,,Thomas Dunstan,1873-04-20,1954-06-19
1029,,William John Dunstan,,1930-09-13
1030,,David Anthony Dunworth,1946-08-29,
1031,,Charles Boydell Dutton,1834-08-16,1904-02-05
1032,,Leonard Eastment,1901-02-28,1956-07-29
1033,,Andrew George Eaton,1931-11-29,
1034,,Wendy Marjorie Edmond,1946-04-27,
1035,,George Edmonstone,1809-05-04,1883-02-23
1036,,James Braidwood Edwards,1879-02-03,1952-07-09
1037,,John Edwards,,1872-11-25
1038,,Sir Llewllyn Roy Edwards,1935-08-02,
1039,,Hon. James Peter Elder,1950-12-14,
1040,,Gilbert Eliott,,1871-06-30
1041,,Jannion Anthony Elliott,1944-03-29,
1042,,Glen Wayne Elmes,1955-08-14,
1043,,Augustus Cecil Elphinstone,1874-09-13,1964-03-24
1044,,Scott Anthony Emerson,,
1045,,Charles Bernard English,1902-01-30,1974-08-05
1046,,John Michael English,1962-12-16,
1047,,Ernest Evans,,1965-02-28
1048,,William Manson Ewan,1903-08-18,1967-03-14
1049,,Sir Arthur William Fadden,1895-04-13,1973-04-21
1050,,Bartley Fahey,1836-10-15,1920-08-09
1051,,Dianne Elizabeth Farmer,,
1052,,David Farrell,,1953-08-17
1053,,George Pritchard Farrell,1895-12-09,
1054,,Albrecht Feez,,1905-07-25
1055,,William Patrick Feldman,1958-01-22,
1056,,Gary Bernard Fenlon,1954-10-30,
1057,,John Ferguson,1830-03-15,1906-03-30
1058,,John Ferrett,,1894-06-04
1059,,Miles Aloysius Ferricks,1875-11-12,1932-08-20
1060,,John Arthur Fihelly,1882-11-07,1945-03-02
1061,,William Fyfe Finlayson,,1955-01-13
1062,,Simon David Finn,1965-12-05,
1063,,Thomas Finney,1837-02-10,1903-12-16
1064,,Andrew Fisher,1862-08-29,1928-10-22
1065,,Henry Bates Fitz,1817-10-10,1880-11-28
1066,,Andrew Anthony Fitzgerald,1940-02-22,
1067,,Charles Borromeo Fitzgerald,1865-06-25,1913-02-10
1068,,Thomas Henry Fitzgerald,,1888-11-10
1069,,Charles Fitzsimmons,,1876-02-24
1070,,Dr Bruce Stephen Flegg,1954-03-10,
1071,,Joseph Fleming,1811-01-14,1891-09-23
1072,,Sir Alan Roy Fletcher,1907-01-26,1991-10-07
1073,,John William Fletcher,,1965-03-13
1074,,John Gerard Flynn,1953-05-21,
1075,,William Bond Ingpen Flynn,1951-10-09,
1076,,John Fogarty,,1904-09-09
1077,,Christopher John Foley,1956-02-25,
1078,,Matthew Joseph Foley,1951-01-24,
1079,,Thomas Foley,1853-06-14,1920-09-16
1080,,Thomas Andrew Foley,1886-04-26,1973-02-05
1081,,James Foote,1829-11-10,1895-09-04
1082,,John Clark Foote,1822-07-10,1895-08-18
1083,,Frederick Augustus Forbes,1818-09-30,1878-07-09
1084,,George Edward Forbes,1828-08-08,1881-07-02
1085,,Francis Michael Forde,1890-07-18,1983-01-28
1086,,Edward Barrow Forrest,,1914-03-30
1087,,William Forrest,1835-01-11,1903-04-23
1088,,James Forsythe,,1927-10-14
1089,,Hon. Demetrios Fouras,1938-03-08,
1090,,Edwin Wesley Howard Fowles,1871-06-17,1945-12-29
1091,,William Lambert Fowles,,1880-08-18
1092,,George Fox,,1914-01-27
1093,,Sir Justin Fox Greenlaw Foxton,1849-09-24,1916-06-23
1094,,Arthur Morley Francis,,1902-05-11
1095,,Josiah Francis,1825-03-07,1891-05-11
1096,,Andrew Peter Fraser,1976-09-15,
1097,,Huan Donald John Fraser,1940-02-16,
1098,,Robert Fraser,,1918-09-09
1099,,Simon Fraser,,1889-01-18
1100,,Desmond John Frawley,1924-09-23,1996-05-23
1101,,Edgar Noah Free,1872-06-20,1938-02-12
1102,,James Porter Fry,,1948-02-07
1103,,William Fryar,1828-01-25,1919-12-22
1104,,Albert John Wellman Fudge,1858-01-30,1949-11-07
1105,,George Fullerton,,1883-09-24
1106,,Robert Funnell,,1936-01-03
1107,,Vincent Clair Gair,1901-02-25,1980-11-11
1108,,John James Galloway,,1883-06-30
1109,,Judith Margaret Gamin,1930-07-18,
1110,,Michael Brennan Gannon,,1898-04-10
1111,,Henry Croker Garde,1855-02-09,1932-08-09
1112,,Harold Raymond Gardiner,1899-01-12,1981-02-17
1113,,Robert James Gardner,1890-04-01,1966-11-12
1114,,Sir James Francis Garrick,1836-01-10,1907-01-12
1115,,Leo Francis Gately,1937-06-15,
1116,,Eric John Gaven,1905-03-16,1974-01-17
1117,,James Gibbon,,1888-04-02
1118,,Ivan James Gibbs,1927-11-22,
1119,,Hon. Robert James Gibbs,1946-11-03,
1120,,Angus Gibson,1842-04-25,1920-05-28
1121,,David Francis Gibson,1967-10-13,
1122,,John Theophilius Gilday,,1937-08-29
1123,,William Neal Gillies,1868-10-28,1928-02-09
1124,,Thomas John George Gilmore,1946-05-08,
1125,,Hon. Thomas John Vernon Gilmore,1908-05-07,
1126,,Thomas Givens,,1928-06-19
1127,,Thomas Glassey,,1936-09-28
1128,,William Hamline Glasson,1925-02-23,
1129,,David Alexander Gledson,,1949-05-14
1130,,Louis Goldring,,1934-10-08
1131,,John Phillip Goleby,1935-03-22,1985-08-10
1132,,St. George Richard Gore,1812-03-22,1871-08-16
1133,,John Nelson Goss,1943-01-01,
1134,,Wayne Keith Goss,1951-02-26,
1135,,John Govett,,1920-12-07
1136,,Grace Grace,1958-08-12,
1137,,Charles James Graham,1839-10-07,1886-03-18
1138,,Frederick Dickson Graham,1899-05-13,
1139,,William Graham,1836-12-11,1892-06-12
1140,,Kenneth McDonald Grant,,1922-08-13
1141,,George Wilke Gray,1844-03-03,1924-09-22
1142,,Philip Roy Gray,1947-04-20,
1143,,Francis Grayson,1849-09-02,1927-07-27
1144,,William Henry Green,1878-10-11,
1145,,John Ward Greenwood,1934-04-29,
1146,,Sir Augustus Charles Gregory,1819-08-01,1905-06-25
1147,,Franics Thomas Gregory,1821-10-19,1888-10-23
1148,,Allan Maxwell Grice,1942-10-21,
1149,,Sir Samuel Walker Griffith,1845-06-21,1920-08-09
1150,,George Grimes,1835-12-17,1910-01-28
1151,,Samuel Grimes,1837-08-13,1902-06-18
1152,,Ernest Lancelot Grimstone,,1933-10-22
1153,,Henry Littleton Groom,1859-01-04,1926-01-04
1154,,William Henry Groom,1833-03-09,1901-08-08
1155,,Donald Gunn,1856-02-19,1943-07-24
1156,,William Angus Manson Gunn,1920-06-22,2001-09-20
1157,,William Morrison Gunn,1895-04-19,1970-04-09
1158,,Terence Joseph Gygar,1947-10-21,
1159,,James William Hadley,,1971-08-16
1160,,Albert Hales,1932-11-09,
1161,,George Joseph Hall,1857-01-27,1924-11-21
1162,,Thomas Murray Hall,1859-03-25,1927-04-18
1163,,Charles Robert Haly,1816-04-11,1892-08-26
1164,,Hon. David John Hamill,1957-09-18,
1165,,John Hamilton,1841-08-19,1916-12-07
1166,,William Hamilton,1851-05-10,1920-07-27
1167,,John Killeen Handy,,1874-01-24
1168,,Edward Michael Hanlon,1887-10-01,1952-01-15
1169,,John Stanislaus Hanlon,1883-11-16,1949-09-13
1170,,Patrick Joseph Hanlon,1930-03-19,
1171,,Patrick Francis Hanran,,1916-08-08
1172,,Brendan Percival Hansen,1922-08-21,1999-12-19
1173,,Edward Joseph Hanson,1878-09-05,1950-10-20
1174,,Martin Hanson,1923-07-02,1976-02-20
1175,,Herbert Freemont Hardcare,1861-03-07,1938-03-05
1176,,Henry Scott Harden,,1879-03-10
1177,,Theodore Harden,,
1178,,William St. John Harding,,1903-09-26
1179,,John Henry Hargreaves,,1907-01-19
1180,,Neville John Harper,1926-09-10,
1181,,Robert Malcolm Harper,1944-11-17,
1182,,Edward David Harris,1911-08-30,
1183,,George Harris,,1891-03-28
1184,,Robert Leslie Harrison,1903-05-09,1966-04-15
1185,,Frederick Hamilton Scott Hart,1836-03-26,1915-07-15
1186,,Graham Lloyd Hart,1906-01-06,1974-04-18
1187,,Harold Leslie Hartley,,1958-08-23
1188,,William Hartley,,1950-03-15
1189,,Lindsay Earle Hartwig,1919-12-29,1996-04-02
1190,,Leisha Teresa Harvey,1947-04-04,
1191,,William Charles Roy Harvey,1921-01-06,2006-04-23
1192,,Arthur George Clarence Hawthorn,,1934-05-06
1193,,John Hayes,1897-07-19,1986-06-16
1194,,Kenneth William Hayward,1954-02-13,
1195,,James Alfred Heading,1884-01-26,1969-04-09
1196,,Graham John Healy,1956-08-18,
1197,,John Joseph O'Connor Healy,1894-04-19,1970-07-18
1198,,Phillip Arthur Heath,1954-09-24,
1199,,William Clarence Heatley,1920-07-12,1971-10-29
1200,,John Joseph Hegarty,1947-10-16,
1201,,William Hemmant,1838-10-10,1916-10-20
1202,,Ian Thomas Henderson,1940-10-24,
1203,,William Hendren,,1903-01-03
1204,,John Desmond Herbert,1925-02-11,1978-10-30
1205,,Sir Robert George Wyndham Herbert,1831-06-12,1905-05-06
1206,,Robert Herbertson,,1940-03-01
1207,,John Christian Heussler,1820-06-15,1907-10-26
1208,,Neville Thomas Eric Hewitt,1920-10-19,
1209,,William Douglas Hewitt,1930-10-31,
1210,,William Guy Higgs,1862-01-18,1951-06-11
1211,,William Kay Higson,,1931-03-22
1212,,Sir Thomas Alfred Hiley,1905-11-25,1990-11-06
1213,,Charles Lumley Hill,,1909-10-28
1214,,Richard Hill,,1959-09-26
1215,,Paul Jerome Remigius Hilton,1899-10-01,1965-08-18
1216,,Albert Hinchcliffe,1860-02-14,1935-01-04
1217,,Stirling James Hinchcliffe,1970-11-23,
1218,,Denis Grenville Hinton,1939-12-04,
1219,,Russell James Hinze,1919-06-19,1991-06-29
1220,,Eugen Hirschfeld,1866-01-22,1946-06-18
1221,,Ronald William Hislop,1884-04-20,1948-05-30
1222,,Howard William Thomas Hobbs,1950-01-22,
1223,,William Hobbs,,1890-12-08
1224,,Albert John Hockings,,1890-11-11
1225,,Joseph Hodel,1850-10-09,1943-09-04
1226,,Robert Samuel Hodge,,1924-04-08
1227,,Allen Maxwell Hodges,1917-02-11,
1228,,William Oswald Hodgkinson,1835-03-31,1900-07-23
1229,,Sir Arthur Hodgson,1818-06-29,1902-12-24
1230,,Samuel Hodgson,,1886-11-29
1231,,Frederick Hurrell Holberton,1821-10-28,1907-09-09
1232,,Hon. Raymond Keith Hollis,1940-01-30,
1233,,William Walter Hood,1844-03-25,1920-08-08
1234,,John Hoolan,,1911-11-15
1235,,Paul Antony Hoolihan,1947-05-08,
1236,,Keith William Hooper,1919-08-21,1977-08-23
1237,,Kevin Joseph Hooper,1928-07-09,1984-03-09
1238,,Maxwell David Hooper,1926-01-20,2000-11-19
1239,,Raymond Gordon Hopper,1960-03-03,
1240,,Louis Hope,1817-10-29,1894-08-15
1241,,Michael James Horan,1944-07-01,
1242,,Jacob Horwitz,,1920-03-24
1243,,James Edward Hiram Houghton,1911-09-13,1985-01-21
1244,,John William Houston,1919-12-30,
1245,,Clive Melwyn Hughes,1924-05-15,
1246,,Harold Mortimer Hungerford,1908-12-18,1972-01-10
1247,,David Hunter,1858-11-16,1927-09-20
1248,,Ernest Charles James Hunter,,1944-08-14
1249,,John McEwan Hunter,,1940-03-18
1250,,John Hurley,1844-06-02,1911-12-10
1251,,John Huxam,1861-05-14,1949-08-04
1252,,Thomas Simpson Hynd,1930-07-06,
1253,,Richard Matthew Hyne,1839-07-04,1902-07-05
1254,,Maurice Patrick Hynes,1886-09-29,1939-03-27
1255,,Alexander James Inch,1915-10-02,1994-09-03
1256,,Walter Charles Ingram,1891-01-23,1952-07-24
1257,,John Angus Mackenzie Innes,1939-05-22,
1258,,Frederick Neville Isaac,,1865-07-12
1259,,Jean Baptiste Louis Isambert,,1906-02-22
1260,,Francis Jeffrey Ivory,,1896-01-21
1261,,George Jackson,1856-12-31,1938-02-12
1262,,Alfred Arthur James,,1938-02-12
1263,,Charles Henry Jamieson,1888-07-23,1959-07-26
1264,,Janice Heather Jarratt,1958-10-22,
1265,,Charles Moffatt Jenkinson,1865-03-28,1954-07-03
1266,,Douglas Bernard Jennings,1929-10-30,1987-04-09
1267,,Eugene Dubois Jensen,1915-02-13,2003-07-01
1268,,Mangus Jensen,,1915-05-16
1269,,Cecil George Jesson,1899-07-07,1961-12-25
1270,,John Shiliito Jessop,1840-08-14,1895-08-04
1271,,Thomas Alexander Johnson,1835-06-19,1914-10-28
1272,,Vaughan Gregory Johnson,1947-07-20,
1273,,James Johnston,,1876-11-03
1274,,John Johnston,,1872-10-09
1275,,Amanda Ann Johntone,,
1276,,Alfred James Jones,1871-10-04,1945-10-07
1277,,Arthur Jones,1892-06-12,1976-06-30
1278,,George Hall Jones,,1899-09-02
1279,,Hamilton Cuffe Jones,,1960-01-16
# The first John Jones below was born in 1872 and died in 1950.
#1280,,John Jones,,
#1281,,John Gore Jones,,1868-02-27
1282,,Kate Jennifer Jones,1979-04-10,
1283,,Norman Francis Jones,1932-08-16,
1284,,Raymond Jones,1926-02-03,2000-04-22
1285,,Rees Rutland Jones,1840-02-12,1916-11-30
1286,,Thomas Llewellyn Jones,1872-03-08,1946-06-18
1287,,Vincent Edward Jones,1910-06-15,1971-10-30
1288,,Ellen Violet Jordan,1913-06-29,1982-05-07
1289,,Henry Jordan,1818-11-22,1890-06-30
1290,,Michael Hans Kaiser,,
1291,,James David Kane,,1964-04-08
1292,,Francis Kates,1830-07-01,1903-09-26
1293,,William Bernard Kaus,1923-05-24,2006-12-20
1294,,Hon. Margaret Majella Keech,1954-09-18,
1295,,Gregory Brian Kehoe,1917-05-01,2005-02-18
1296,,William Kellett,1839-12-19,1916-03-19
1297,,William Kelso,,1956-01-02
1298,,William Francis Kenna,1865-09-21,1932-06-23
1299,,William Francis Kennedy,,
1300,,James Alexander Charles Kenny,,1954-07-24
1301,,William Kent,1856-03-29,1906-02-07
1302,,Denis Thomas Keogh,,1911-08-24
1303,,James Patrick Keogh,,1940-08-31
1304,,George Kerr,1853-02-07,1930-01-18
1305,,James Stevingstone Kerr,,1960-09-15
1306,,Thomas Caldwell Kerr,1887-08-15,1956-06-25
1307,,Patrick James Kerwin,,1950-10-02
1308,,John Henry Kessell,,1933-11-15
1309,,George Keyatta,1895-12-20,1962-08-25
1310,,James Gawthorne Kidgell,1837-04-08,1915-05-20
1311,,William Kidston,1849-08-27,1919-10-25
1312,,Betty Margaret Kiernan,1955-08-27,
1313,,Steven Andrew Kilburn,,
1314,,Charles Kilpatrick,,1935-05-28
1315,,George King,1814-12-21,1894-06-22
1316,,Henry Edward King,1832-06-09,1910-02-05
1317,,Reginald Macdonnell King,1869-04-09,1955-09-07
1318,,Robert King,,1905-02-20
1319,,Robert George King,1938-12-13,
1320,,William Thomas King,1893-05-24,1966-04-02
1321,,John James Kingsbury,,1939-08-02
1322,,Richard Ash Kingsford,1821-10-04,1902-01-02
1323,,Dr John Alan Kingston,1935-07-07,
1324,,Victoria Ann Kippin,1942-09-07,
1325,,Michael Joseph Kirwan,1873-03-26,1941-02-13
1326,,Sir William Edward Knox,1927-12-14,2001-09-22
1327,,Jeffrey Alan Knuth,1962-03-09,
1328,,Shane Andrew Knuth,1966-09-07,
1329,,Raymond Charles Kruger,1935-02-28,2003-07-24
1330,,Rosemary Annette Kyburz,1944-04-16,
1331,,James Turquand Laidley,,1877-03-29
1332,,James Lalor,1829-07-07,1922-02-16
1333,,Edward William Lamb,1828-02-06,1910-10-19
1334,,William Frederick Lambert,,1908-08-20
1335,,Bruce Edric Laming,1938-06-14,
1336,,William McMillan Lamond,1920-07-13,1990-07-05
1337,,Alexander James Lamont,1850-02-08,1934-06-27
1338,,Colin Charles Lamont,1941-11-18,
1339,,Edward Martin Land,,1927-05-02
1340,,William Landsborough,1825-02-21,1886-03-16
1341,,Donald Frederick Lane,1935-07-18,1995-03-11
1342,,John-Paul Honore Langbroek,1961-01-31,
1343,,James Larcombe,,1957-06-21
1344,,Linda Denise Lavarch,1958-11-27,
1345,,Peter Joseph Lawlor,1948-03-01,
1346,,George Lawson,,1966-11-25
1347,,John Leahy,,1909-01-20
1348,,Patrick James Leahy,,1927-10-13
1349,,Norman Edward Lee,1920-04-04,2002-04-03
1350,,Ronan Oliver Lee,1976-01-04,
1351,,Long Rosa Theresa Lee,1945-10-02,
1352,,Kenneth James Leese,1928-11-25,
1353,,William Lennon,1849-12-08,1938-05-05
1354,,Vincent Bernard Joseph Lesina,,1955-07-14
1355,,Hon. Vincent Patrick Lester,1939-07-28,
1356,,William Daniel Lickiss,1924-07-31,1993-02-22
1357,,Sir Charles Lilley,1830-05-27,1897-08-20
1358,,George Lindley,,1935-06-19
1359,,Brian David Valentine Lindsay,1937-01-22,
1360,,Hon. Kevin Rowson Lingard,1942-08-14,
1361,,John Linnett,,1902-05-16
1362,,Isidor Siegfried Lissner,,1902-07-22
1363,,William Clancy Little,,
1364,,Brian George Littleproud,1941-06-25,
1365,,Donald Wallace Livingstone,1948-11-01,
1366,,Evan John Llewelyn,1875-06-30,
1367,,Henry Llewelyn,1855-09-12,1933-08-06
1368,,Eric Gayford Lloyd,1918-01-01,2003-06-03
1369,,William Field Lloyd,,1965-05-29
1370,,John Aubrey John Lockwood,1936-07-18,
1371,,George Andrew Logan,,1953-11-25
1372,,William Horace Lonergan,1909-02-11,1981-06-27
1373,,William Houston Long,1843-11-08,1912-08-29
1374,,Irene Maud Longman,,1964-07-29
1375,,Frederick Lord,1841-11-08,1914-12-05
1376,,Robert Stuart Lord,,1878-07-23
1377,,William Lovejoy,1849-03-08,1913-08-27
1378,,David Alan Low,1911-02-05,1974-10-22
1379,,Jacob Low,,1883-09-14
1380,,Harold Bertram Lowes,1926-10-01,2002-08-22
1381,,Hon. Paul Thomas Lucas,1962-07-09,
1382,,Louis Wells Luckins,1885-06-24,1970-07-06
1383,,Alfred James Luke,1871-03-09,1920-09-11
1384,,Abrahman Fleetwood Luya,,1899-07-06
1385,,James Lyons,1842-03-17,1915-07-27
1386,,Robert Lyons,1849-01-24,1892-04-08
1387,,Arthur Macalister,,1883-03-23
1388,,John Donald Macansh,1820-05-31,1896-08-01
1389,,Sir Edward Henry Macartney,1863-01-24,1956-02-24
1390,,Edward O'Donnell Macdevitt,,1898-02-04
1391,,Duncan Macdonald,,1977-08-28
1392,,Peter Fitzallan Macdonald,1830-09-04,1919-06-19
1393,,Thomas Macdonaldpaterson,1844-05-09,1906-03-21
1394,,John Macfarlane,1829-06-02,1894-03-07
1395,,John Macfarlane,,1880-04-10
1396,,Peter Balderston Macgregor,1866-04-09,1936-04-10
1397,,Neil Francis Macgroarty,1888-05-01,1971-08-10
1398,,Angus Mackay,1834-08-15,1910-02-08
1399,,George Hugh Mackay,1872-03-20,1961-11-05
1400,,Hon. Terence Michael Mackenroth,1949-07-16,
1401,,Robert Ramsay Mackenzie,1811-11-29,1873-09-19
1402,,Donald Mackintosh,1840-05-16,1932-05-05
1403,,Peter Macpherson,1841-03-29,1913-09-12
1404,,Hugh Denis Macrossan,1881-02-20,1940-06-23
1405,,John Murtagh Macrossan,,1891-03-30
1406,,Otto Ottosen Madsen,1904-12-08,1963-08-03
1407,,Edmund Bede Maher,1891-06-08,1982-12-31
1408,,Carolyn Therese Male,1966-01-07,
1409,,George Edward Malone,1943-11-14,
1410,,John Mann,,1939-01-01
1411,,John Henry Mann,1896-06-30,1973-01-07
1412,,Evan Marginson,1909-03-20,1977-11-16
1413,,Charles Ferdinand Marks,1852-09-06,1941-03-28
1414,,George Henry Marriott,1885-09-05,1964-09-24
1415,,Ivor Marsden,1903-03-11,1976-11-17
1416,,George Martin,,1905-05-14
1417,,Harry Massey,,1962-06-03
1418,,Robert George Massie,,1883-09-13
1419,,William John Ryott Maughan,1863-01-08,1933-04-09
1420,,James Francis Maxwell,,1941-04-16
1421,,William Maxwell,,1921-04-23
1422,,John May,,1917-12-29
1423,,Mark Francis McArdle,1956-12-21,
1424,,Colin McCathie,1910-05-09,1986-09-01
1425,,Hon. Diane Elizabeth McCauley,1946-06-04,
1426,,John McConnell,1806-10-03,1899-01-27
1427,,William Fraser McCord,1837-10-05,1898-04-14
1428,,William McCormack,,1947-11-21
1429,,Charles McDonald,1861-09-08,1925-11-13
1430,,Lewis McDonald,1881-11-22,1936-09-18
1431,,Frank McDonnell,1863-01-24,1928-11-26
1432,,John Frederick McDougall,,1896-11-11
1433,,Kenneth Victor McElligott,1940-02-14,
1434,,Thomas McGahan,,1932-11-11
1435,,Charles Stewart McGhie,1839-05-17,1917-01-21
1436,,Hon. Anthony McGrady,1944-03-28,
1437,,Sir Thomas McIlwraith,1835-05-17,1900-07-17
1438,,Donald McIntyre,1851-04-20,1927-11-06
1439,,Malcolm McIntyre,1889-03-09,1969-08-12
1440,,Henry Arthur McKechnie,1840-05-16,1932-05-05
1441,,Peter Richard McKechnie,1941-02-09,
1442,,Peter Alfred McLachlan,1867-09-23,1929-10-27
1443,,Bernard McLean,1884-05-01,1955-12-11
1444,,John Donald McLean,,1866-12-16
1445,,Peter McLean,,1924-12-10
1446,,Ronald Thomas McLean,1938-12-28,1999-02-13
1447,,Aidan Patrick McLindon,1980-02-26,
1448,,John McMaster,1830-06-26,1924-02-29
1449,,Hugh Cameron McMinn,,1941-12-02
1450,,Andrew Ian McNamara,1959-08-19,
1451,,Herbert George McPhail,,1951-09-20
1452,,Alexander Carpendale McPhie,1929-02-10,
1453,,Thomas McWhannell,,1888-03-17
1454,,Charles Stuart Mein,1841-06-14,1890-06-30
1455,,Charles Sydney Dick Melbourne,1838-06-03,1891-09-23
1456,,Mathew Mellor,,1899-02-17
1457,,John Melloy,1908-11-10,2006-01-06
1458,,Rosemary Norma Menkens,1946-09-10,
1459,,Max Richard Menzel,1941-04-30,
1460,,Robert Desmond Messenger,1962-10-26,
1461,,Archibald Meston,,1924-03-11
1462,,Hon. Reginald John Mickel,,
1463,,Alfred Midgley,1849-02-24,1930-02-27
1464,,Charles William Midson,1837-08-30,1903-04-08
1465,,Edward David Miles,1845-01-27,1922-03-03
1466,,William Miles,1817-05-05,1887-08-22
1467,,Henry John Bede Milford,,1888-02-29
1468,,Colin John Miller,1924-04-28,
1469,,Jo-Ann Roslyn Miller,1958-08-22,
1470,,Joe Millican,1855-04-25,1934-08-10
1471,,Hon. Glen Richard Milliner,1948-04-14,
1472,,Robert Alan Mitchell,1948-08-05,
1473,,William Mitchell,,1923-05-21
1474,,Thomas De Lacy Moffat,,1864-10-02
1475,,Cathryn Molloy,1955-05-11,
1476,,Arthur Edward Moore,1876-02-09,1963-01-07
1477,,Francis Peter Moore,1938-03-09,
1478,,Robert Edgar Moore,1923-06-27,
1479,,William John Harlin Moore,,1933-10-16
1480,,William Matthew Moore,,1976-02-03
1481,,Thomas Moores,1903-07-01,1983-07-15
1482,,Harry Russell Moorehouse,1892-06-01,1971-12-13
1483,,Evan Robert Moorhead,1978-04-19,
1484,,Boyd Dunlop Morehead,1843-08-24,1905-10-30
1485,,Berkeley Basil Moreton,1834-07-18,1924-08-07
1486,,Sir Arthur Morgan,1856-09-19,1916-12-20
1487,,Godfrey Morgan,1875-07-29,1957-08-29
1488,,James Morgan,1816-09-29,1878-11-29
1489,,George Alfred Morris,1892-07-15,1967-05-18
1490,,Sir Kenneth James Morris,1903-10-22,1978-06-01
1491,,Arthur Morry,1854-01-04,1938-05-25
1492,,Hugh Mosman,1843-02-11,1909-11-15
1493,,Daniel Mulcahy,,1932-01-06
1494,,Timothy Sean Mulherin,1957-08-24,
1495,,John Mullan,1871-09-08,1941-10-01
1496,,John Joseph Mullen,1829-06-06,1897-11-17
1497,,Adolf Gustav Muller,1889-05-01,1970-08-01
1498,,Selwyn John Muller,1917-10-18,2008-02-25
1499,,Robert Joseph Mulvey,,1937-04-24
1500,,Sir Alan Whiteside Munro,1898-05-12,1968-07-08
1501,,Geoffrey Hugh Muntz,1938-07-11,
1502,,Denis Joseph Murphy,1946-08-06,1984-06-21
1503,,Franics Reid Murphy,1844-03-27,1892-01-24
1504,,John Murphy,,1883-03-01
1505,,Peter Murphy,1853-06-29,1925-02-24
1506,,William Edward Murphy,,1881-05-19
1507,,William Sydney Murphy,,1930-10-23
1508,,John Murray,1841-07-16,1917-11-17
1509,,John Murray,1915-12-31,
1510,,Thomas Lodge Murrayprior,1819-11-13,1892-12-31
1511,,Thomas De Montmorency Murrayprior,1848-01-27,1902-12-11
1512,,Grant Steven Musgrove,1968-03-28,
1513,,Graham Mylne,,1876-04-05
1514,,Donald McConnell Neal,1939-05-31,
1515,,Beryce Ann Nelson,1947-01-10,
1516,,Sir Hugh Muir Nelson,1835-12-31,1906-01-01
1517,,Shaun Christopher Nelson,1973-03-22,
1518,,William Lambie Nelson,,1887-06-13
1519,,Lindel Helena Nelson-Carr,1952-07-15,
1520,,Thomas Nevitt,,1932-09-13
1521,,Thomas Guy Newbery,1914-03-23,1984-10-30
1522,,John Newell,1849-11-30,1932-07-29
1523,,Harold Francis Newton,1921-07-12,1990-12-28
1524,,Lyell Edward Newton,1934-07-29,
1525,,Timothy James Nicholls,1965-04-06,
1526,,Sir Charles Nicholson,1808-11-23,1903-11-08
1527,,Sir David Eric Nicholson,1904-05-26,1997-12-13
1528,,Sir George Francis Reuben Nicklin,1895-08-06,1978-01-30
1529,,Charles Frederick Nielson,1871-02-06,1924-08-15
1530,,Thomas Nimmo,1879-07-27,1943-02-06
1531,,Philip Henry Nind,1831-04-07,1896-03-09
1532,,Henry Winston Noble,1909-07-05,1964-03-28
1533,,Rachel Genevieve Nolan,1974-03-13,
1534,,John Norman,,1912-07-11
1535,,Francis North,,1864-12-09
1536,,William Roger North,,1936-01-27
1537,,Albert Norton,1836-01-01,1914-03-11
1538,,Frederick Lancelot Nott,,1927-12-05
1539,,William George Nunn,1932-02-27,
1540,,Gordon Richard Nuttall,1953-06-13,
1541,,Jason O'Brien,1969-11-23,
1542,,John O'Brien,1866-07-06,1932-10-08
1543,,Sir Maurice Charles O'Connell,1812-01-13,1879-03-23
1544,,William Bligh Henry O'Connell,1852-01-26,1903-03-04
1545,,Kevin Izod O'Doherty,1823-09-07,1905-07-15
1546,,Eugene Christopher O'Donnell,1913-11-28,1982-08-16
1547,,Anthony Ogden,1866-02-06,1943-05-15
1548,,John O'Keefe,1880-01-11,1942-01-27
1549,,Michael O'Keefe,,1941-08-29
1550,,Mary-Anne O'Neill,,
1551,,Harry O'Shea,,
1552,,Timothy Joseph O'Shea,1860-03-08,1930-10-07
1553,,James O'Sullivan,,1921-03-22
1554,,Patrick O'Sullivan,1818-03-14,1904-02-29
1555,,Thomas O'Sullivan,1856-12-15,1953-02-22
1556,,Jack Kelvin Paff,1938-05-11,
1557,,Gerald Pagehanify,1860-07-23,1922-02-11
1558,,Walter Trueman Paget,1854-02-07,1930-12-23
1559,,Annastacia Palaszczuk,1969-07-25,
1560,,Hon. Heinrich Palaszczuk,1947-01-12,
1561,,Sir Arthur Hunter Palmer,1819-12-28,1898-03-20
1562,,Edward Palmer,1842-03-08,1899-05-03
1563,,Henry Palmer,,1916-07-19
1564,,Henry Wyndham Palmer,,1887-05-10
1565,,John Panton,,1866-10-02
1566,,James Augustus Parker,,
1567,,Arthur Horatio Parnell,1852-10-14,1933-04-04
1568,,Frederick Woolnough Paterson,1897-06-13,1977-10-07
1569,,William Pattison,1830-05-10,1896-06-08
1570,,William Sheffield Paul,,1902-11-30
1571,,William James Paull,,1926-10-21
1572,,John Payne,1860-11-09,1928-01-14
1573,,James Pearce,1948-07-28,
1574,,Percy Pease,,1940-10-17
1575,,Edward Wilmot Pechey,1841-11-09,1872-09-19
1576,,Irvine Perel,,1928-10-23
1577,,Patrick Perkins,1838-10-10,1901-05-17
1578,,Hon. Trevor John Perrett,1941-08-02,
1579,,William Perry,1835-08-09,1891-06-11
1580,,De Burgh Fitzpatrick Persse,1840-09-25,1921-02-17
1581,,James Christian Peterson,,1953-04-30
1582,,Andrew Lang Petrie,1854-06-25,1928-04-01
1583,,John Pettigrew,,1878-11-10
1584,,William Pettigrew,1825-08-26,1906-10-28
1585,,Anita Frances Phillips,1945-03-14,
1586,,George Phillips,,1921-06-02
1587,,Sir Robert Philp,1851-12-28,1922-06-17
1588,,Arthur Bruce Pie,1902-05-19,1962-07-31
1589,,Reginald Byron Jarvis Pilbeam,1907-10-30,1999-07-31
1590,,Curtis Warren Pitt,1977-02-01,
1591,,Hon. Frederick Warren Pitt,1948-03-14,
1592,,Jack Charles Pizzey,1911-02-02,1968-07-31
1593,,Edmund Harris Thornburgh Plant,1844-12-10,1926-04-28
1594,,Thomas Plunkett,,1913-09-02
1595,,Thomas Flood Plunkett,1878-12-19,1957-12-24
1596,,George Pollock,1890-06-27,1939-03-24
1597,,Robert Lindsay Poole,1948-06-12,
1598,,Charles Robert Porter,1910-05-17,2004-04-14
1599,,Andrew Cary Powell,1973-05-15,
1600,,Lionel William Powell,1939-03-10,
1601,,Francis Isidore Power,1852-02-28,1912-06-24
1602,,Laurel Jean Power,1953-12-07,
1603,,William Power,1893-01-03,1974-05-29
1604,,William Grene Power,1835-09-24,1903-08-14
1605,,Sir Charles Powers,1853-03-08,1939-04-25
1606,,Dorothy Ruth Pratt,1955-03-11,
1607,,Ian George Prentice,1948-11-09,
1608,,Dr. Peter Ross Prenzler,1952-04-03,
1609,,William George Prest,1926-04-02,
1610,,Thomas Price,,1906-04-04
1611,,William Norris James Price,1935-05-11,
1612,,Ratcliffe Pring,1825-10-17,1885-03-25
1613,,Alexander Brown Pritchard,,
1614,,Theophilus Parsons Pugh,1831-11-06,1896-03-14
1615,,Patrick Douglas Purcell,1947-03-17,
1616,,Ernest Bracher Purnell,,1954-07-25
1617,,Peter Malcolm Pyke,1950-11-15,
1618,,Robert Joseph Quinn,1947-09-09,
1619,,Theodore Paul Radke,1958-11-03,
1620,,Sir Wallace Alexander Ramsay Rae,1913-03-31,2006-03-18
1621,,Alexander Raff,1820-07-20,1914-01-26
1622,,George Raff,1815-04-15,1889-08-28
1623,,Robert Ramsay,1818-03-19,1910-07-05
1624,,Samuel Raymond Ramsden,1913-10-10,1986-07-01
1625,,James Henry Randell,1928-08-13,
1626,,Colin Dunlop Wilson Rankin,1869-01-20,1940-11-02
1627,,Charles Robert Rappolt,1939-08-23,1999-08-02
1628,,Thomas William Rasey,1898-06-10,1989-03-27
1629,,William Henley Rawlings,1848-02-28,1906-08-05
1630,,William Rae,,
1631,,Vernon Charles Redwood,,1954-02-16
1632,,George McCullogh Reed,,1898-11-13
1633,,Philip Gerard Reeves,1966-09-19,
1634,,Matthew Reid,1856-10-30,1947-08-28
1635,,Dianne Ann Reilly,1969-01-29,
1636,,Carl William Herman Reinhold,,1928-09-06
1637,,Hon. Michael Francis Reynolds,1946-09-16,
1638,,Henry Richards,,1868-04-03
1639,,Sir Harold Richter,1906-01-17,1979-06-18
1640,,Ian Phillip Rickuss,1954-07-27,
1641,,David Riordan,,1936-10-15
1642,,Ernest Joseph Riordan,1901-09-21,1954-12-09
1643,,William James Riordan,1882-04-20,1955-09-15
1644,,Daniel Foley Roberts,1824-02-19,1889-07-26
1645,,Elisa Mary Roberts,1970-09-03,
1646,,Frank Edward Roberts,1913-02-28,1992-06-07
1647,,James Henry Cecil Roberts,1877-06-01,1961-09-14
1648,,Lloyd Henry Scurfield Roberts,1907-06-08,1961-03-11
1649,,Neil Stuart Roberts,1955-01-03,
1650,,Thomas Robert Roberts,1869-06-26,1934-06-01
1651,,Hon. Stephen Robertson,1962-02-14,
1652,,Herbert Freemont Robinson,1893-05-20,1969-06-03
1653,,Dr Mark Andrew Robinson,1963-04-29,
1654,,Molly Jess Robson,1942-03-28,
1655,,Steven Gordon Rodgers,1951-06-23,
1656,,Terence Walter Rogers,1958-11-26,
1657,,Thomas Rome,,1916-05-14
1658,,Merri Rose,1955-01-24,
1659,,Edward Charles Row,1923-03-26,2007-07-04
1660,,Sir John Alfred Row,1905-01-01,
1661,,Marcus Hosking Rowell,1938-04-05,
1662,,Edmund Molyneux Royds,1827-08-26,1898-08-15
1663,,Charles Wilfred Russell,1907-04-24,1977-10-21
1664,,Hugh McDiarmid Russell,1873-02-11,1948-05-06
1665,,Wilfred Adams Russell,,1932-01-08
1666,,Sir Arthur Rutledge,1843-08-29,1917-02-08
1667,,Cornelius James Ryan,,1939-11-27
1668,,Daniel Ryan,,1952-12-11
1669,,Henry Joseph Ryan,,1932-01-17
1670,,Mark Thomas Ryan,1982-12-29,
# The Thomas Joseph Ryan below was born in 1852
#1671,,Thomas Joseph Ryan,,
#1672,,Thomas Joseph Ryan,1876-07-01,1921-08-01
1673,,George Ryland,,1920-10-19
1674,,William Salkeld,,1901-06-28
1675,,Alfred Sandeman,,
1676,,Gordon Sandeman,,1897-03-14
1677,,Robert John Sayers,,1919-05-12
1678,,Guelfi Paul Scassola,1940-04-19,2002-08-27
1679,,Lyle Thomas Schuntner,1936-12-02,
1680,,Hon. Robert Evan Schwarten,1954-10-06,
1681,,Christine Margaret Scott,1946-03-17,
1682,,Desley Carleton Scott,1943-06-27,
1683,,John Scott,1821-06-20,1898-07-02
1684,,Robert William Scott,1931-09-28,
1685,,Thomas Alison Scott,,1946-10-21
1686,,Walter Scott,,1890-10-07
1687,,Norman Reginald Scott-Young,1917-01-08,1996-08-29
1688,,Jeffrey William Seeney,1957-02-02,
1689,,Eric Frank Shaw,1936-01-12,
1690,,Frederick Shaw,,1902-03-19
1691,,Joan Mary Sheldon,1943-04-29,
1692,,Richard Bingham Sheridan,1822-08-01,1897-06-08
1693,,Alan Frederick Sherlock,1938-06-07,
1694,,Craig Arden Sherrin,1952-02-16,
1695,,Roger Hale Sheaffe,,1895-12-01
1696,,Douglas John Sherrington,1914-12-07,1999-03-25
1697,,Kerry Gerard Shine,1948-10-05,
1698,,George Charles Sim,,1922-05-17
1699,,Fiona Stuart Simpson,1965-04-18,
1700,,George Morris Simpson,,1875-11-10
1701,,Gordon Leslie Simpson,1929-06-03,
1702,,Henry George Simpson,,1898-08-30
1703,,Stephen Simpson,1793-07-29,1869-03-11
1704,,Hubert Ebenezer Sizer,1893-08-07,
1705,,Alexander James Skinner,1910-11-02,1968-10-03
1706,,Alexander Skirving,,1935-06-28
1707,,Douglas John Slack,1941-04-05,
1708,,Aubrey Robert Slessar,1899-11-05,1973-12-02
1709,,Sir Andrew Bruce Small,1895-12-11,1980-05-01
1710,,Edward Lithgow Smart,1862-12-09,1948-11-28
1711,,Alfred James Smith,1901-03-23,1983-07-09
1712,,Christine Anne Smith,1946-10-11,
1713,,Hon. Geoffrey Norman Smith,1934-01-09,
1714,,James Thorneloe Smith,1825-08-20,1902-03-14
1715,,John Gordon Smith,,1921-06-19
1716,,Percy Raymond Smith,1920-01-12,2002-02-10
1717,,Richard Joseph Smith,,1883-11-15
1718,,Robert Harrison Smith,,1911-11-11
1719,,William Forgan Smith,1887-03-15,1953-09-25
1720,,Joseph Capel Smyth,,1914-08-14
1721,,Kenneth William Smyth,1948-10-04,
1722,,William Smyth,1846-05-13,1899-07-17
1723,,Henry Plantagnet Somerset,1852-05-19,1936-04-11
1724,,Edward John Sorensen,,
1725,,Walter Beresford James Gordon Sparkes,1889-04-22,1974-06-15
1726,,Hon. Judith Caroline Spence,1957-05-19,
1727,,Thomas Alfred Spencer,1860-12-01,1937-06-10
1728,,Lawrence James Springborg,1968-02-17,
1729,,Leonard William Stephan,1935-07-25,
1730,,Thomas Blacket Stephens,,1877-08-26
1731,,William Stephens,,1925-04-30
1732,,Alfred John Stephenson,1845-11-15,1914-12-04
1733,,Ernest James Stevens,1845-07-10,1922-03-03
1734,,Henry Moreton Stevens,,1935-11-15
1735,,Raymond Alexander Stevens,1953-02-01,
1736,,John Stevenson,,1912-08-15
1737,,James Charles Stewart,1851-09-17,1931-12-20
1738,,Robert Muter Stewart,,
1739,,James Stodart,1849-09-15,1922-06-20
1740,,Barbara Gwendoline Stone,1962-01-28,
1741,,Mark David Stoneman,1939-07-29,
1742,,James Stopford,1878-07-22,1936-11-30
1743,,George William Bennett Story,1849-03-24,1931-06-03
1744,,Trevor Leonard Strong,1961-01-26,
1745,,Karen Lee Struthers,1963-02-19,
1746,,Francis Horace Stubley,1853-08-26,1921-01-23
1747,,Janet Anne Stuckey,1955-01-21,
1748,,Jacob Stumm,1853-08-26,1921-01-23
1749,,Carryn Elizabeth Sullivan,1955-09-06,
1750,,Terence Boland Sullivan,1949-02-06,
1751,,Victor Bruce Sullivan,1918-12-07,1993-01-29
1752,,William Henry Summerville,,1919-05-21
1753,,Richard Sumner,,1927-06-11
1754,,James Swan,,1891-05-26
1755,,Frederick Ffoulkes Swanwick,,1913-09-20
1756,,Edward Bowdich Swayne,1857-12-04,1946-06-15
1757,,John Sczerbanik,1958-03-20,
1758,,Francis John Tanti,1949-08-13,
1759,,Charles Taylor,1861-03-24,1944-04-27
1760,,George Cuthbert Taylor,1886-02-14,1957-01-02
1761,,Harold Bourne Taylor,1892-02-25,1972-12-06
1762,,James Taylor,,1895-10-19
1763,,John Russell Taylor,,1961-03-26
1764,,William Frederick Taylor,1840-04-23,1927-06-29
1765,,George Tedman,,1976-07-15
1766,,Martin James Tenni,1934-04-04,
1767,,Mervyn Herbert Thackeray,1925-10-20,
1768,,Edward Granville Theodore,1884-12-29,1950-02-28
1769,,Stephen Theodore,,1950-10-17
1770,,Lewis Thomas,1832-11-20,
1771,,Andrew Thompson,,1961-01-15
1772,,George Henry Thompson,,1940-06-09
1773,,John Malbon Thompson,1830-12-24,1908-05-30
1774,,George Thorn,1806-04-11,1876-04-28
1775,,George Thorn,1838-10-12,1905-01-15
1776,,John Thorn,,1896-04-30
1777,,Henry Thorn,,1880-04-19
1778,,William Thorn,1852-09-03,1935-02-01
1779,,Edmond Lambert Thornton,,1901-03-13
1780,,William Thornton,1817-06-15,1884-06-27
1781,,Andrew Joseph Thynne,1847-10-30,1927-02-27
1782,,James Tolmie,1862-07-23,1939-04-05
1783,,Kenneth Burgoyne Tomkins,1914-09-14,1990-07-20
1784,,Nicholas Edward Nelson Tooth,1844-09-07,1913-08-17
1785,,Sir Seymour Douglas Tooth,1904-01-28,1982-07-03
1786,,Sir Horace Tozer,,1916-08-20
1787,,Vivian Hoyles Tozer,1870-05-27,1954-09-05
1788,,Roderick Travers,,1894-07-19
1789,,Richard Trout,1851-12-18,1932-06-30
1790,,Percy John Robert Tucker,1919-12-05,1980-08-20
1791,,Joseph Henry Lewis Turley,1859-04-24,1929-06-05
1792,,Henry Turner,1844-11-10,1932-08-09
1793,,John Albert Turner,,1971-08-09
1794,,John Sargent Turner,1826-12-03,1900-07-29
1795,,Kenneth Turner,1944-05-06,
1796,,Hon. Neil John Turner,1934-06-25,
1797,,John De Poix Tyrel,,1885-07-15
1798,,James Tyson,1819-04-08,1898-12-04
1799,,David Francis Underwood,1951-06-12,
1800,,Theodore Unmack,1835-11-21,1919-09-17
1801,,Litsenburg Elisabeth Cornelia Maria Van,1957-04-22,
1802,,Kenneth Vaughan,1934-10-29,
1803,,Michael Desmond Veivers,1939-08-12,
1804,,Thomas Robert Veivers,1937-04-06,
1805,,William John Vowles,1876-04-22,1943-08-28
1806,,Hiram Wakefield,1837-05-07,1905-06-25
1807,,Adam Walker,,1902-08-15
1808,,Harry Frederick Walker,1873-03-15,1950-10-23
1809,,James Ernest Walker,,1939-11-09
1810,,Craig Andrew Wallace,1969-06-12,
1811,,Donald Smith Wallace,,1900-05-27
1812,,George Walter Gordon Wallace,1900-01-16,1964-10-12
1813,,Edwin Wallissmith,1908-01-03,1988-03-14
1814,,Edward Joseph Walsh,1894-06-30,1976-02-26
1815,,John Walsh,,
1816,,William Henry Walsh,1823-12-18,1888-04-05
1817,,Charles Gray Wanstall,1912-02-17,1999-10-17
1818,,Neville George Warburton,1932-02-23,
1819,,Anne Marie Warner,1945-12-05,
1820,,John Herbert Warner,1923-11-26,1991-09-20
1821,,Richard James Warren,1869-03-12,1940-08-05
1822,,Thomas Symes Warry,,1864-08-19
1823,,Lynette Robyn Warwick,1946-10-21,
1824,,Francis John Waters,1907-08-10,1990-08-06
1825,,Duncan John Reay Watson,1867-11-04,1948-10-30
1826,,John Watson,,1912-07-03
1827,,Robert Hodgson Watson,1896-10-12,1959-03-26
1828,,Murray Patrick Watt,1973-01-20,
1829,,John Watts,1821-02-27,1902-11-18
1830,,John Webber,,1904-03-12
1831,,Phillip John Weightman,1958-02-10,
1832,,David Weir,1881-12-23,1929-09-22
1833,,Henry Joseph Weldblundell,1848-07-25,1901-09-08
1834,,Hon. Rodney Jon Welford,1958-09-30,
1835,,Peter William Wellington,1957-08-21,
1836,,William John Wellington,1881-03-10,1939-03-02
1837,,Hon. Dean Macmillan Wells,1949-01-13,
1838,,Thomas Welsby,1858-11-29,1941-02-03
1839,,Wayne Earl Wendt,1960-08-21,
1840,,Stephen Peter Arthur Wettenhall,,
1841,,Claude Alfred Wharton,1914-10-15,2003-01-03
1842,,Caludius Buchanan Whish,1827-01-05,1890-02-28
1843,,John White,1853-11-09,1922-06-12
1844,,Peter White,,1901-04-04
1845,,Terence Anthony White,1936-09-03,
1846,,William Duckett White,,1893-08-11
1847,,Albert Edward Victor Whitford,,1924-01-29
1848,,Arthur Herbert Whittingham,1869-09-20,1927-06-20
1849,,Patrick James Whyte,1894-10-04,1977-10-16
1850,,Arnold Wienholt,1826-01-22,1895-01-16
1851,,Arnold Wienholt,1877-11-25,1940-08-10
1852,,Edward Wienholt,1833-03-28,1904-01-15
1853,,James Wilkinson,1854-11-30,1915-01-11
1854,,Henry Caleb Williams,,1871-08-19
1855,,Herbert Williams,,1943-12-29
1856,,Robert Godfrey Wyn Williams,,1929-09-08
1857,,Thomas Lewis Williams,1886-12-21,1970-08-17
1858,,Alexander McLachlan Wilson,1920-12-11,2004-02-29
1859,,Andrew Heron Wilson,1844-08-24,1906-08-29
1860,,Geoffrey James Wilson,1952-11-05,
1861,,Naomi Kate Wynn Wilson,1940-01-27,
1862,,Thomas Wilson,1865-05-05,1933-05-19
1863,,Walter Horatio Wilson,1839-07-15,1902-02-28
1864,,William Wilson,,1903-02-23
1865,,Frederick Thomas Wimble,1864-11-28,1936-01-03
1866,,Robert Levi Windsor,1896-11-28,1988-04-08
1867,,Vernon Winstanley,1861-10-10,1938-01-10
1868,,Bill Wood,1935-11-04,
1869,,Ernest Gaden Western Wood,1906-11-22,1984-07-05
1870,,Henry Conwell Wood,,1926-06-18
1871,,Leslie Arnold Wood,1907-05-06,1958-03-29
1872,,Peter Wood,1935-11-04,
1873,,Western Wood,1830-05-22,1878-04-15
1874,,Margaret Rosemary Woodgate,1935-09-01,
1875,,Michael Joyce Reginald Woods,,1934-11-12
1876,,Luke Woolmer,1965-01-25,
1877,,Carlisle Favell Wordsworth,1909-10-21,1960-05-07
1878,,Albert Henry Wright,,1963-03-20
1879,,William Yaldwin,1836-11-12,1919-07-27
1880,,William Henry Yaldwyn,,1866-08-28
1881,,Herbert Yeates,1879-01-31,1945-12-24
1882,,Leslie John Yewdale,1928-04-30,1999-01-01
1883,,Dennis Charles Young,1947-08-07,
# Next available number is 1884